-- phpMyAdmin SQL Dump
-- version 4.7.5
-- https://www.phpmyadmin.net/
--
-- Host: localhost:8889
-- Creato il: Lug 14, 2018 alle 09:11
-- Versione del server: 5.6.38
-- Versione PHP: 7.1.12

SET SQL_MODE = "NO_AUTO_VALUE_ON_ZERO";
SET time_zone = "+00:00";

--
-- Database: `gwap-enabler-db`
--

-- --------------------------------------------------------

--
-- Struttura della tabella `badge`
--

CREATE TABLE `badge` (
  `idBadge` int(16) NOT NULL,
  `name` varchar(256) NOT NULL,
  `value` varchar(256) NOT NULL,
  `image` varchar(256) NOT NULL,
  `goal` int(11) NOT NULL
) ENGINE=InnoDB DEFAULT CHARSET=utf8;

--
-- Dump dei dati per la tabella `badge`
--

INSERT INTO `badge` (`idBadge`, `name`, `value`, `image`, `goal`) VALUES
(1, 'BABY', 'BABY_DESCRIPTION', 'images/icone-BADGE-BABY.png', 1),
(2, 'ADDICTED', 'ADDICTED_DESCRIPTION', 'images/icone-BADGE-ADDICTED.png', 2),
(3, 'EXPERT', 'EXPERT_DESCRIPTION', 'images/icone-BADGE-EXPERT.png', 0),
(4, 'GENIUS', 'GENIUS_DESCRIPTION', 'images/icone-BADGE-GENIUS.png', 4),
(5, 'DONKEY', 'DONKEY_DESCRIPTION', 'images/icone-BADGE-DONKEY.png', 5),
(6, 'LAZY', 'LAZY_DESCRIPTION', 'images/icone-BADGE-LAZY.png', 6),
(7, 'COLOSSAL', 'COLOSSAL_DESCRIPTION', 'images/icone-BADGE-COLOSSAL.png', 7),
(8, 'THE FLASH', 'THE_FLASH_DESCRIPTION', 'images/icone-BADGE-FLASH.png', 8),
(9, 'THE KING', 'THE_KING_DESCRIPTION', 'images/icone-BADGE-KING.png', 9);

-- --------------------------------------------------------

--
-- Struttura della tabella `configuration`
--

CREATE TABLE `configuration` (
  `idParameters` int(11) NOT NULL,
  `upperThreshold` float NOT NULL,
  `lowerThreshold` float DEFAULT NULL,
  `positiveK` float NOT NULL,
  `negativeK` float DEFAULT NULL,
  `nOfLevels` int(11) NOT NULL,
  `nOfGT` int(11) NOT NULL,
  `levelPoints` int(11) NOT NULL,
  `consecutiveLevelPoints` int(11) NOT NULL,
  `reputationParam` int(11) NOT NULL
) ENGINE=InnoDB DEFAULT CHARSET=utf8 ROW_FORMAT=DYNAMIC;

--
-- Dump dei dati per la tabella `configuration`
--

INSERT INTO `configuration` (`idParameters`, `upperThreshold`, `lowerThreshold`, `positiveK`, `negativeK`, `nOfLevels`, `nOfGT`, `levelPoints`, `consecutiveLevelPoints`, `reputationParam`) VALUES
(1, 0.875, NULL, 0.25, NULL, 7, 3, 50, 50, 1);

-- --------------------------------------------------------

--
-- Struttura della tabella `leaderboard`
--

CREATE TABLE `leaderboard` (
  `idLeaderboard` int(16) NOT NULL,
  `idUser` int(16) NOT NULL,
  `score` int(11) NOT NULL
) ENGINE=InnoDB DEFAULT CHARSET=utf8 ROW_FORMAT=DYNAMIC;

--
-- Dump dei dati per la tabella `leaderboard`
--

INSERT INTO `leaderboard` (`idLeaderboard`, `idUser`, `score`) VALUES
(1, 1, 1200),
(2, 2, 100),
(3, 3, 0);

-- --------------------------------------------------------

--
-- Struttura della tabella `level`
--

CREATE TABLE `level` (
  `idlevel` int(11) NOT NULL,
  `level` varchar(45) DEFAULT NULL,
  `idRound` int(11) NOT NULL,
  `startLevel` timestamp NOT NULL DEFAULT CURRENT_TIMESTAMP,
  `endLevel` timestamp NOT NULL DEFAULT '0000-00-00 00:00:00'
) ENGINE=InnoDB DEFAULT CHARSET=utf8 ROW_FORMAT=DYNAMIC;

--
-- Dump dei dati per la tabella `level`
--

INSERT INTO `level` (`idlevel`, `level`, `idRound`, `startLevel`, `endLevel`) VALUES
(1, '1', 3, '2018-07-10 09:33:35', '2018-07-10 09:33:50'),
(2, '2', 3, '2018-07-10 09:33:56', '0000-00-00 00:00:00'),
(3, '1', 4, '2018-07-10 09:34:25', '2018-07-10 09:34:29'),
(4, '2', 4, '2018-07-10 09:34:33', '2018-07-10 09:34:35'),
(5, '3', 4, '2018-07-10 09:34:38', '2018-07-10 09:34:46'),
(6, '4', 4, '2018-07-10 09:34:49', '2018-07-10 09:34:56'),
(7, '5', 4, '2018-07-10 09:35:00', '2018-07-10 09:35:01'),
(8, '6', 4, '2018-07-10 09:35:04', '2018-07-10 09:35:06'),
(9, '7', 4, '2018-07-10 09:35:07', '0000-00-00 00:00:00'),
(10, '1', 6, '2018-07-10 09:38:03', '2018-07-10 09:40:34'),
(11, '2', 6, '2018-07-10 09:40:36', '2018-07-10 09:40:38'),
(12, '3', 6, '2018-07-10 09:40:40', '2018-07-10 09:40:40'),
(13, '4', 6, '2018-07-10 09:40:43', '2018-07-10 09:40:45'),
(14, '5', 6, '2018-07-10 09:40:46', '2018-07-10 09:40:47'),
(15, '1', 7, '2018-07-10 09:42:37', '2018-07-10 09:42:46'),
(16, '2', 7, '2018-07-10 09:42:49', '2018-07-10 09:42:50'),
(17, '3', 7, '2018-07-10 09:42:51', '2018-07-10 09:42:53'),
(18, '4', 7, '2018-07-10 09:42:54', '2018-07-10 09:42:55'),
(19, '5', 7, '2018-07-10 09:42:58', '2018-07-10 09:42:59'),
(20, '6', 7, '2018-07-10 09:43:02', '2018-07-10 09:43:04'),
(21, '7', 7, '2018-07-10 09:43:05', '2018-07-10 09:43:06'),
(22, '1', 9, '2018-07-10 13:19:28', '0000-00-00 00:00:00'),
(23, '1', 10, '2018-07-10 17:43:00', '2018-07-10 17:43:02'),
(24, '1', 11, '2018-07-10 17:44:05', '2018-07-10 17:44:08'),
(25, '2', 11, '2018-07-10 17:44:11', '0000-00-00 00:00:00'),
(26, '1', 12, '2018-07-10 17:46:47', '0000-00-00 00:00:00'),
(27, '1', 13, '2018-07-10 20:56:23', '2018-07-10 20:57:08'),
(28, '2', 13, '2018-07-10 20:57:13', '0000-00-00 00:00:00'),
(29, '1', 14, '2018-07-10 20:57:45', '0000-00-00 00:00:00'),
(30, '1', 15, '2018-07-10 20:59:08', '0000-00-00 00:00:00'),
(31, '1', 16, '2018-07-10 21:04:40', '2018-07-10 21:04:42'),
(32, '1', 17, '2018-07-10 21:05:51', '0000-00-00 00:00:00'),
(33, '1', 18, '2018-07-10 21:07:04', '0000-00-00 00:00:00'),
(34, '1', 19, '2018-07-10 21:08:10', '0000-00-00 00:00:00'),
(35, '1', 20, '2018-07-10 21:11:47', '2018-07-10 21:12:33'),
(36, '2', 20, '2018-07-10 21:12:34', '2018-07-10 21:12:35'),
(37, '1', 22, '2018-07-10 21:15:05', '0000-00-00 00:00:00'),
(38, '1', 23, '2018-07-10 21:16:01', '2018-07-10 21:16:03'),
(39, '2', 23, '2018-07-10 21:16:06', '2018-07-10 21:16:08'),
(40, '1', 24, '2018-07-10 21:19:19', '0000-00-00 00:00:00'),
(41, '1', 26, '2018-07-10 21:21:25', '2018-07-10 21:22:57'),
(42, '2', 26, '2018-07-10 21:23:02', '0000-00-00 00:00:00'),
(43, '1', 27, '2018-07-10 21:23:38', '0000-00-00 00:00:00'),
(44, '1', 28, '2018-07-10 21:31:01', '2018-07-10 21:31:04'),
(45, '2', 28, '2018-07-10 21:31:05', '0000-00-00 00:00:00'),
(46, '1', 29, '2018-07-10 21:31:45', '2018-07-10 21:31:48'),
(47, '2', 29, '2018-07-10 21:31:50', '0000-00-00 00:00:00'),
(48, '1', 30, '2018-07-11 08:24:56', '0000-00-00 00:00:00'),
(49, '1', 31, '2018-07-11 08:40:49', '0000-00-00 00:00:00'),
(50, '1', 32, '2018-07-11 08:41:23', '0000-00-00 00:00:00'),
(51, '1', 33, '2018-07-11 08:41:58', '0000-00-00 00:00:00'),
(52, '1', 35, '2018-07-11 08:42:45', '0000-00-00 00:00:00'),
(53, '1', 36, '2018-07-11 09:20:16', '0000-00-00 00:00:00'),
(54, '1', 37, '2018-07-11 09:21:40', '0000-00-00 00:00:00'),
(55, '1', 38, '2018-07-11 09:28:26', '0000-00-00 00:00:00'),
(56, '1', 39, '2018-07-11 09:31:35', '2018-07-11 09:32:33'),
(57, '2', 39, '2018-07-11 09:32:37', '0000-00-00 00:00:00'),
(58, '1', 40, '2018-07-11 09:33:11', '0000-00-00 00:00:00'),
(59, '1', 41, '2018-07-11 09:36:06', '0000-00-00 00:00:00'),
(60, '1', 42, '2018-07-11 09:37:43', '0000-00-00 00:00:00'),
(61, '1', 43, '2018-07-11 09:42:30', '2018-07-11 09:42:40'),
(62, '2', 43, '2018-07-11 09:42:43', '0000-00-00 00:00:00'),
(63, '1', 44, '2018-07-11 10:00:32', '0000-00-00 00:00:00'),
(64, '1', 45, '2018-07-11 10:02:53', '2018-07-11 10:03:36'),
(65, '2', 45, '2018-07-11 10:03:40', '0000-00-00 00:00:00'),
(66, '1', 46, '2018-07-11 10:04:18', '0000-00-00 00:00:00'),
(67, '1', 47, '2018-07-11 10:06:12', '0000-00-00 00:00:00'),
(68, '1', 48, '2018-07-11 10:07:04', '0000-00-00 00:00:00'),
(69, '1', 50, '2018-07-11 10:15:05', '0000-00-00 00:00:00'),
(70, '1', 51, '2018-07-11 10:16:31', '0000-00-00 00:00:00'),
(71, '1', 52, '2018-07-11 10:19:21', '0000-00-00 00:00:00'),
(72, '1', 53, '2018-07-11 10:20:10', '0000-00-00 00:00:00'),
(73, '1', 54, '2018-07-11 10:21:13', '0000-00-00 00:00:00'),
(74, '1', 55, '2018-07-11 10:26:05', '0000-00-00 00:00:00'),
(75, '1', 56, '2018-07-11 14:17:34', '0000-00-00 00:00:00'),
(76, '1', 57, '2018-07-11 14:20:20', '2018-07-11 14:20:24'),
(77, '2', 57, '2018-07-11 14:20:25', '0000-00-00 00:00:00'),
(78, '1', 58, '2018-07-11 14:22:26', '2018-07-11 14:22:30'),
(79, '2', 58, '2018-07-11 14:22:33', '2018-07-11 14:22:36'),
(80, '3', 58, '2018-07-11 14:22:38', '0000-00-00 00:00:00'),
(81, '1', 60, '2018-07-11 14:26:51', '0000-00-00 00:00:00'),
(82, '1', 61, '2018-07-11 14:30:49', '0000-00-00 00:00:00'),
(83, '1', 62, '2018-07-11 14:34:54', '0000-00-00 00:00:00'),
(84, '1', 63, '2018-07-11 14:39:45', '0000-00-00 00:00:00'),
(85, '1', 64, '2018-07-11 14:41:47', '0000-00-00 00:00:00'),
(86, '1', 65, '2018-07-11 14:43:24', '0000-00-00 00:00:00'),
(87, '1', 66, '2018-07-11 14:44:18', '0000-00-00 00:00:00'),
(88, '1', 67, '2018-07-11 14:45:04', '0000-00-00 00:00:00'),
(89, '1', 69, '2018-07-11 14:51:14', '0000-00-00 00:00:00'),
(90, '1', 70, '2018-07-11 15:07:02', '0000-00-00 00:00:00'),
(91, '1', 71, '2018-07-11 15:08:53', '0000-00-00 00:00:00'),
(92, '1', 72, '2018-07-11 15:10:08', '0000-00-00 00:00:00'),
(93, '1', 73, '2018-07-11 15:11:08', '0000-00-00 00:00:00'),
(94, '1', 74, '2018-07-11 15:12:11', '0000-00-00 00:00:00'),
(95, '1', 75, '2018-07-11 15:13:07', '0000-00-00 00:00:00'),
(96, '1', 76, '2018-07-11 15:14:26', '0000-00-00 00:00:00'),
(97, '1', 77, '2018-07-11 15:17:29', '0000-00-00 00:00:00'),
(98, '1', 78, '2018-07-11 15:18:38', '2018-07-11 15:18:42'),
(99, '2', 78, '2018-07-11 15:18:45', '0000-00-00 00:00:00'),
(100, '1', 79, '2018-07-11 15:19:51', '0000-00-00 00:00:00'),
(101, '1', 80, '2018-07-11 15:21:11', '0000-00-00 00:00:00'),
(102, '1', 81, '2018-07-11 15:22:32', '0000-00-00 00:00:00'),
(103, '1', 82, '2018-07-11 15:23:53', '0000-00-00 00:00:00'),
(104, '1', 83, '2018-07-11 15:25:10', '0000-00-00 00:00:00'),
(105, '1', 84, '2018-07-11 15:27:10', '0000-00-00 00:00:00'),
(106, '1', 85, '2018-07-11 15:28:24', '0000-00-00 00:00:00'),
(107, '1', 86, '2018-07-11 15:29:40', '0000-00-00 00:00:00'),
(108, '1', 87, '2018-07-11 15:30:58', '0000-00-00 00:00:00'),
(109, '1', 88, '2018-07-11 15:32:12', '0000-00-00 00:00:00'),
(110, '1', 89, '2018-07-11 15:34:23', '0000-00-00 00:00:00'),
(111, '1', 90, '2018-07-11 15:35:45', '0000-00-00 00:00:00'),
(112, '1', 91, '2018-07-11 15:37:45', '0000-00-00 00:00:00'),
(113, '1', 92, '2018-07-11 15:39:55', '0000-00-00 00:00:00'),
(114, '1', 93, '2018-07-11 15:57:55', '2018-07-11 15:58:15'),
(115, '2', 93, '2018-07-11 15:58:17', '0000-00-00 00:00:00'),
(116, '1', 94, '2018-07-11 16:14:17', '2018-07-11 16:14:59'),
(117, '2', 94, '2018-07-11 16:15:00', '0000-00-00 00:00:00'),
(118, '1', 96, '2018-07-11 16:16:32', '2018-07-11 16:17:13'),
(119, '2', 96, '2018-07-11 16:17:16', '2018-07-11 16:17:19'),
(120, '3', 96, '2018-07-11 16:17:24', '0000-00-00 00:00:00'),
(121, '1', 98, '2018-07-11 16:18:34', '2018-07-11 16:18:36'),
(122, '2', 98, '2018-07-11 16:18:37', '2018-07-11 16:18:41'),
(123, '3', 98, '2018-07-11 16:18:42', '2018-07-11 16:18:43'),
(124, '4', 98, '2018-07-11 16:18:45', '2018-07-11 16:18:46'),
(125, '5', 98, '2018-07-11 16:18:49', '2018-07-11 16:18:50'),
(126, '6', 98, '2018-07-11 16:18:51', '0000-00-00 00:00:00'),
(127, '1', 100, '2018-07-11 16:23:35', '2018-07-11 16:23:44'),
(128, '2', 100, '2018-07-11 16:23:46', '2018-07-11 16:23:47'),
(129, '3', 100, '2018-07-11 16:23:48', '2018-07-11 16:23:49'),
(130, '4', 100, '2018-07-11 16:23:52', '2018-07-11 16:23:53'),
(131, '5', 100, '2018-07-11 16:23:54', '2018-07-11 16:23:55'),
(132, '6', 100, '2018-07-11 16:23:58', '2018-07-11 16:24:00'),
(133, '1', 101, '2018-07-11 16:25:24', '2018-07-11 16:25:28'),
(134, '2', 101, '2018-07-11 16:25:32', '2018-07-11 16:25:40'),
(135, '3', 101, '2018-07-11 16:25:41', '2018-07-11 16:25:45'),
(136, '4', 101, '2018-07-11 16:25:46', '2018-07-11 16:25:48'),
(137, '5', 101, '2018-07-11 16:25:52', '0000-00-00 00:00:00'),
(138, '1', 102, '2018-07-11 16:26:45', '2018-07-11 16:26:47'),
(139, '2', 102, '2018-07-11 16:26:49', '2018-07-11 16:26:51'),
(140, '3', 102, '2018-07-11 16:26:56', '2018-07-11 16:26:57'),
(141, '4', 102, '2018-07-11 16:26:58', '2018-07-11 16:27:00'),
(142, '5', 102, '2018-07-11 16:27:00', '0000-00-00 00:00:00'),
(143, '1', 103, '2018-07-11 16:27:57', '0000-00-00 00:00:00'),
(144, '1', 104, '2018-07-11 16:30:19', '2018-07-11 16:30:23'),
(145, '2', 104, '2018-07-11 16:30:26', '2018-07-11 16:30:30'),
(146, '3', 104, '2018-07-11 16:30:31', '2018-07-11 16:30:33'),
(147, '4', 104, '2018-07-11 16:30:36', '2018-07-11 16:30:37'),
(148, '5', 104, '2018-07-11 16:30:40', '0000-00-00 00:00:00'),
(149, '1', 105, '2018-07-12 08:12:48', '2018-07-12 08:12:54'),
(150, '2', 105, '2018-07-12 08:12:55', '2018-07-12 08:12:57'),
(151, '3', 105, '2018-07-12 08:12:58', '2018-07-12 08:13:00'),
(152, '4', 105, '2018-07-12 08:13:03', '2018-07-12 08:13:05'),
(153, '5', 105, '2018-07-12 08:13:08', '0000-00-00 00:00:00'),
(154, '1', 106, '2018-07-12 08:15:58', '2018-07-12 08:16:18'),
(155, '2', 106, '2018-07-12 08:16:20', '2018-07-12 08:17:02'),
(156, '3', 106, '2018-07-12 08:17:03', '0000-00-00 00:00:00'),
(157, '1', 107, '2018-07-12 08:17:41', '0000-00-00 00:00:00'),
(158, '1', 108, '2018-07-12 08:19:17', '2018-07-12 08:19:32'),
(159, '2', 108, '2018-07-12 08:19:37', '0000-00-00 00:00:00'),
(160, '1', 109, '2018-07-12 08:22:43', '0000-00-00 00:00:00'),
(161, '1', 110, '2018-07-12 08:24:31', '2018-07-12 08:24:37'),
(162, '2', 110, '2018-07-12 08:24:38', '2018-07-12 08:24:40'),
(163, '3', 110, '2018-07-12 08:24:48', '2018-07-12 08:24:50'),
(164, '4', 110, '2018-07-12 08:24:56', '0000-00-00 00:00:00'),
(165, '1', 111, '2018-07-12 08:26:30', '2018-07-12 08:27:15'),
(166, '1', 112, '2018-07-12 08:29:13', '2018-07-12 08:29:18'),
(167, '2', 112, '2018-07-12 08:29:21', '2018-07-12 08:29:26'),
(168, '3', 112, '2018-07-12 08:29:29', '0000-00-00 00:00:00'),
(169, '1', 113, '2018-07-12 08:32:27', '0000-00-00 00:00:00'),
(170, '1', 114, '2018-07-12 08:33:46', '0000-00-00 00:00:00'),
(171, '1', 115, '2018-07-12 08:35:02', '0000-00-00 00:00:00'),
(172, '1', 116, '2018-07-12 08:36:22', '0000-00-00 00:00:00'),
(173, '1', 117, '2018-07-12 08:39:51', '0000-00-00 00:00:00'),
(174, '1', 118, '2018-07-12 08:41:01', '2018-07-12 08:41:06'),
(175, '2', 118, '2018-07-12 08:41:09', '2018-07-12 08:41:10'),
(176, '3', 118, '2018-07-12 08:41:11', '2018-07-12 08:41:14'),
(177, '4', 118, '2018-07-12 08:41:15', '2018-07-12 08:41:22'),
(178, '1', 119, '2018-07-12 08:42:14', '0000-00-00 00:00:00'),
(179, '1', 120, '2018-07-12 08:43:34', '0000-00-00 00:00:00'),
(180, '1', 121, '2018-07-12 08:45:00', '2018-07-12 08:45:08'),
(181, '2', 121, '2018-07-12 08:45:11', '0000-00-00 00:00:00'),
(182, '1', 122, '2018-07-12 08:50:05', '0000-00-00 00:00:00'),
(183, '1', 123, '2018-07-12 08:51:10', '0000-00-00 00:00:00'),
(184, '1', 124, '2018-07-12 08:52:19', '0000-00-00 00:00:00'),
(185, '1', 125, '2018-07-12 09:53:23', '2018-07-12 09:53:25'),
(186, '2', 125, '2018-07-12 09:53:29', '2018-07-12 09:53:32'),
(187, '3', 125, '2018-07-12 09:53:35', '2018-07-12 09:53:36'),
(188, '4', 125, '2018-07-12 09:53:37', '2018-07-12 09:53:40'),
(189, '5', 125, '2018-07-12 09:53:42', '0000-00-00 00:00:00'),
(190, '1', 126, '2018-07-12 09:59:02', '2018-07-12 09:59:03'),
(191, '2', 126, '2018-07-12 09:59:04', '2018-07-12 09:59:05'),
(192, '3', 126, '2018-07-12 09:59:06', '2018-07-12 09:59:08'),
(193, '4', 126, '2018-07-12 09:59:09', '2018-07-12 09:59:10'),
(194, '5', 126, '2018-07-12 09:59:14', '0000-00-00 00:00:00'),
(195, '1', 127, '2018-07-12 12:40:13', '2018-07-12 12:40:16'),
(196, '2', 127, '2018-07-12 12:40:19', '2018-07-12 12:40:21'),
(197, '3', 127, '2018-07-12 12:40:22', '2018-07-12 12:40:25'),
(198, '4', 127, '2018-07-12 12:40:29', '2018-07-12 12:40:30'),
(199, '5', 127, '2018-07-12 12:40:31', '2018-07-12 12:40:33'),
(200, '6', 127, '2018-07-12 12:40:36', '2018-07-12 12:40:37'),
(201, '7', 127, '2018-07-12 12:40:42', '2018-07-12 12:40:48'),
(202, '1', 129, '2018-07-12 12:52:35', '2018-07-12 12:52:37'),
(203, '2', 129, '2018-07-12 12:52:38', '0000-00-00 00:00:00'),
(204, '1', 130, '2018-07-12 12:55:18', '2018-07-12 12:55:19'),
(205, '2', 130, '2018-07-12 12:55:20', '2018-07-12 12:55:21'),
(206, '3', 130, '2018-07-12 12:55:25', '0000-00-00 00:00:00'),
(207, '1', 131, '2018-07-12 12:57:56', '0000-00-00 00:00:00'),
(208, '1', 132, '2018-07-12 12:59:46', '0000-00-00 00:00:00'),
(209, '1', 133, '2018-07-12 13:01:43', '0000-00-00 00:00:00'),
(210, '1', 134, '2018-07-12 13:03:30', '2018-07-12 13:03:39'),
(211, '2', 134, '2018-07-12 13:03:40', '2018-07-12 13:03:42'),
(212, '3', 134, '2018-07-12 13:03:43', '2018-07-12 13:03:44'),
(213, '4', 134, '2018-07-12 13:03:47', '2018-07-12 13:03:47'),
(214, '5', 134, '2018-07-12 13:03:48', '2018-07-12 13:03:50'),
(215, '6', 134, '2018-07-12 13:03:53', '0000-00-00 00:00:00'),
(216, '1', 135, '2018-07-12 13:06:20', '2018-07-12 13:06:23'),
(217, '2', 135, '2018-07-12 13:06:29', '2018-07-12 13:06:35'),
(218, '3', 135, '2018-07-12 13:06:36', '2018-07-12 13:06:38'),
(219, '4', 135, '2018-07-12 13:06:40', '2018-07-12 13:06:41'),
(220, '5', 135, '2018-07-12 13:06:42', '2018-07-12 13:06:43'),
(221, '6', 135, '2018-07-12 13:06:47', '2018-07-12 13:06:48'),
(222, '7', 135, '2018-07-12 13:06:49', '0000-00-00 00:00:00'),
(223, '1', 136, '2018-07-12 13:08:07', '0000-00-00 00:00:00'),
(224, '1', 138, '2018-07-12 13:22:04', '2018-07-12 13:22:23'),
(225, '2', 138, '2018-07-12 13:22:27', '0000-00-00 00:00:00'),
(226, '1', 139, '2018-07-12 13:34:16', '0000-00-00 00:00:00'),
(227, '1', 140, '2018-07-12 13:35:32', '0000-00-00 00:00:00'),
(228, '1', 141, '2018-07-12 13:36:57', '0000-00-00 00:00:00'),
(229, '1', 142, '2018-07-12 13:38:37', '0000-00-00 00:00:00'),
(230, '1', 143, '2018-07-12 13:40:54', '2018-07-12 13:40:59'),
(231, '2', 143, '2018-07-12 13:41:02', '2018-07-12 13:41:04'),
(232, '3', 143, '2018-07-12 13:41:06', '2018-07-12 13:41:07'),
(233, '4', 143, '2018-07-12 13:41:08', '2018-07-12 13:41:10'),
(234, '5', 143, '2018-07-12 13:41:11', '2018-07-12 13:41:12'),
(235, '6', 143, '2018-07-12 13:41:13', '2018-07-12 13:41:14'),
(236, '7', 143, '2018-07-12 13:41:15', '0000-00-00 00:00:00'),
(237, '1', 144, '2018-07-12 13:42:08', '0000-00-00 00:00:00'),
(238, '1', 145, '2018-07-12 13:44:14', '2018-07-12 13:44:20'),
(239, '2', 145, '2018-07-12 13:44:22', '2018-07-12 13:44:23'),
(240, '3', 145, '2018-07-12 13:44:25', '2018-07-12 13:44:27'),
(241, '4', 145, '2018-07-12 13:44:27', '2018-07-12 13:44:29'),
(242, '5', 145, '2018-07-12 13:44:30', '2018-07-12 13:44:31'),
(243, '6', 145, '2018-07-12 13:44:34', '2018-07-12 13:44:35'),
(244, '7', 145, '2018-07-12 13:44:37', '0000-00-00 00:00:00'),
(245, '1', 146, '2018-07-13 06:59:13', '2018-07-13 06:59:17'),
(246, '2', 146, '2018-07-13 06:59:18', '2018-07-13 06:59:21'),
(247, '3', 146, '2018-07-13 06:59:23', '0000-00-00 00:00:00'),
(248, '1', 147, '2018-07-13 07:00:28', '2018-07-13 07:00:30'),
(249, '2', 147, '2018-07-13 07:00:34', '2018-07-13 07:00:35'),
(250, '3', 147, '2018-07-13 07:00:37', '2018-07-13 07:00:38'),
(251, '4', 147, '2018-07-13 07:00:41', '2018-07-13 07:00:43'),
(252, '5', 147, '2018-07-13 07:00:45', '2018-07-13 07:00:46'),
(253, '6', 147, '2018-07-13 07:00:47', '2018-07-13 07:00:48'),
(254, '7', 147, '2018-07-13 07:00:51', '0000-00-00 00:00:00'),
(255, '1', 149, '2018-07-13 07:03:06', '2018-07-13 07:03:10'),
(256, '2', 149, '2018-07-13 07:03:11', '2018-07-13 07:03:12'),
(257, '3', 149, '2018-07-13 07:03:13', '2018-07-13 07:03:14'),
(258, '4', 149, '2018-07-13 07:03:16', '2018-07-13 07:03:16'),
(259, '1', 150, '2018-07-13 07:04:31', '2018-07-13 07:04:34'),
(260, '2', 150, '2018-07-13 07:04:36', '2018-07-13 07:04:38'),
(261, '3', 150, '2018-07-13 07:04:41', '0000-00-00 00:00:00'),
(262, '1', 151, '2018-07-13 07:08:50', '2018-07-13 07:08:52'),
(263, '2', 151, '2018-07-13 07:08:56', '2018-07-13 07:08:57'),
(264, '3', 151, '2018-07-13 07:09:00', '2018-07-13 07:09:02'),
(265, '4', 151, '2018-07-13 07:09:03', '2018-07-13 07:09:05'),
(266, '5', 151, '2018-07-13 07:09:06', '0000-00-00 00:00:00'),
(267, '1', 152, '2018-07-13 07:10:22', '0000-00-00 00:00:00'),
(268, '1', 153, '2018-07-13 07:13:36', '2018-07-13 07:13:39'),
(269, '2', 153, '2018-07-13 07:13:43', '2018-07-13 07:13:45'),
(270, '3', 153, '2018-07-13 07:13:48', '2018-07-13 07:13:49'),
(271, '4', 153, '2018-07-13 07:13:50', '2018-07-13 07:13:52'),
(272, '5', 153, '2018-07-13 07:13:56', '2018-07-13 07:14:25'),
(273, '6', 153, '2018-07-13 07:14:31', '0000-00-00 00:00:00'),
(274, '1', 154, '2018-07-13 07:18:25', '2018-07-13 07:18:27'),
(275, '2', 154, '2018-07-13 07:18:28', '2018-07-13 07:18:30'),
(276, '3', 154, '2018-07-13 07:18:35', '2018-07-13 07:18:36'),
(277, '4', 154, '2018-07-13 07:18:37', '2018-07-13 07:18:44'),
(278, '1', 155, '2018-07-13 07:20:10', '2018-07-13 07:20:12'),
(279, '2', 155, '2018-07-13 07:20:16', '2018-07-13 07:20:17'),
(280, '3', 155, '2018-07-13 07:20:18', '2018-07-13 07:20:19'),
(281, '4', 155, '2018-07-13 07:20:20', '2018-07-13 07:20:21'),
(282, '5', 155, '2018-07-13 07:20:23', '2018-07-13 07:20:25'),
(283, '6', 155, '2018-07-13 07:20:25', '2018-07-13 07:20:28'),
(284, '1', 156, '2018-07-13 07:22:04', '2018-07-13 07:22:06'),
(285, '2', 156, '2018-07-13 07:22:22', '2018-07-13 07:22:24'),
(286, '3', 156, '2018-07-13 07:22:27', '2018-07-13 07:22:28'),
(287, '4', 156, '2018-07-13 07:22:30', '2018-07-13 07:22:33'),
(288, '1', 157, '2018-07-13 07:42:11', '0000-00-00 00:00:00'),
(289, '1', 158, '2018-07-13 07:43:27', '2018-07-13 07:43:30'),
(290, '2', 158, '2018-07-13 07:43:31', '0000-00-00 00:00:00'),
(291, '1', 159, '2018-07-13 07:45:56', '0000-00-00 00:00:00'),
(292, '1', 160, '2018-07-13 07:46:51', '2018-07-13 07:46:54'),
(293, '2', 160, '2018-07-13 07:46:58', '2018-07-13 07:47:00'),
(294, '3', 160, '2018-07-13 07:47:01', '2018-07-13 07:47:02'),
(295, '4', 160, '2018-07-13 07:47:06', '2018-07-13 07:47:09'),
(296, '5', 160, '2018-07-13 07:47:10', '2018-07-13 07:47:11'),
(297, '6', 160, '2018-07-13 07:47:13', '2018-07-13 07:47:14'),
(298, '7', 160, '2018-07-13 07:47:15', '2018-07-13 07:47:16'),
(299, '1', 161, '2018-07-13 07:47:30', '2018-07-13 07:47:32'),
(300, '2', 161, '2018-07-13 07:47:36', '2018-07-13 07:47:40'),
(301, '3', 161, '2018-07-13 07:47:42', '2018-07-13 07:47:43'),
(302, '4', 161, '2018-07-13 07:47:46', '2018-07-13 07:47:47'),
(303, '5', 161, '2018-07-13 07:47:48', '2018-07-13 07:47:49'),
(304, '6', 161, '2018-07-13 07:47:50', '2018-07-13 07:47:51'),
(305, '7', 161, '2018-07-13 07:47:54', '2018-07-13 07:47:56'),
(306, '1', 163, '2018-07-13 07:50:38', '2018-07-13 07:50:41'),
(307, '2', 163, '2018-07-13 07:50:44', '2018-07-13 07:50:45'),
(308, '3', 163, '2018-07-13 07:50:53', '2018-07-13 07:50:55'),
(309, '4', 163, '2018-07-13 07:50:58', '2018-07-13 07:50:59'),
(310, '5', 163, '2018-07-13 07:51:00', '2018-07-13 07:51:01'),
(311, '6', 163, '2018-07-13 07:51:04', '2018-07-13 07:51:05'),
(312, '7', 163, '2018-07-13 07:51:06', '2018-07-13 07:51:09'),
(313, '1', 164, '2018-07-13 07:51:27', '2018-07-13 07:51:29'),
(314, '2', 164, '2018-07-13 07:51:31', '2018-07-13 07:51:33'),
(315, '3', 164, '2018-07-13 07:51:33', '2018-07-13 07:51:35'),
(316, '4', 164, '2018-07-13 07:51:36', '2018-07-13 07:51:37'),
(317, '5', 164, '2018-07-13 07:51:38', '2018-07-13 07:51:40'),
(318, '6', 164, '2018-07-13 07:51:43', '2018-07-13 07:51:44'),
(319, '7', 164, '2018-07-13 07:51:45', '2018-07-13 07:51:46'),
(320, '1', 165, '2018-07-13 07:57:16', '0000-00-00 00:00:00'),
(321, '1', 166, '2018-07-13 08:00:38', '2018-07-13 08:00:42'),
(322, '2', 166, '2018-07-13 08:00:44', '2018-07-13 08:00:46'),
(323, '3', 166, '2018-07-13 08:00:47', '2018-07-13 08:01:03'),
(324, '4', 166, '2018-07-13 08:01:04', '2018-07-13 08:01:07'),
(325, '1', 168, '2018-07-13 09:34:02', '2018-07-13 09:34:04'),
(326, '2', 168, '2018-07-13 09:34:05', '0000-00-00 00:00:00'),
(327, '1', 169, '2018-07-13 09:36:21', '2018-07-13 09:36:23'),
(328, '2', 169, '2018-07-13 09:36:23', '2018-07-13 09:36:24'),
(329, '3', 169, '2018-07-13 09:36:26', '2018-07-13 09:36:27'),
(330, '4', 169, '2018-07-13 09:36:29', '0000-00-00 00:00:00'),
(331, '1', 170, '2018-07-13 09:38:08', '2018-07-13 09:38:10'),
(332, '2', 170, '2018-07-13 09:38:14', '2018-07-13 09:38:15'),
(333, '3', 170, '2018-07-13 09:38:19', '2018-07-13 09:38:20'),
(334, '4', 170, '2018-07-13 09:38:20', '2018-07-13 09:38:22'),
(335, '5', 170, '2018-07-13 09:38:25', '2018-07-13 09:38:29'),
(336, '6', 170, '2018-07-13 09:38:31', '2018-07-13 09:38:36'),
(337, '7', 170, '2018-07-13 09:38:40', '2018-07-13 09:38:42'),
(338, '1', 171, '2018-07-13 14:48:22', '2018-07-13 14:48:27'),
(339, '2', 171, '2018-07-13 14:48:31', '2018-07-13 14:48:35'),
(340, '3', 171, '2018-07-13 14:48:35', '2018-07-13 14:48:38'),
(341, '4', 171, '2018-07-13 14:48:40', '2018-07-13 14:48:42'),
(342, '5', 171, '2018-07-13 14:48:44', '2018-07-13 14:48:45'),
(343, '6', 171, '2018-07-13 14:48:45', '0000-00-00 00:00:00');

-- --------------------------------------------------------

--
-- Struttura della tabella `logging`
--

CREATE TABLE `logging` (
  `id` int(11) NOT NULL,
  `idUser` int(11) NOT NULL,
  `idTopic` int(11) NOT NULL,
  `idResource` int(11) NOT NULL,
  `timestamp` timestamp NOT NULL DEFAULT CURRENT_TIMESTAMP,
  `idRound` int(11) NOT NULL,
  `idLevel` int(11) DEFAULT NULL,
  `partnerChosen` bit(1) DEFAULT NULL,
  `chosen` bit(1) DEFAULT NULL
) ENGINE=InnoDB DEFAULT CHARSET=utf8 ROW_FORMAT=DYNAMIC;

--
-- Dump dei dati per la tabella `logging`
--

INSERT INTO `logging` (`id`, `idUser`, `idTopic`, `idResource`, `timestamp`, `idRound`, `idLevel`, `partnerChosen`, `chosen`) VALUES
(1, 1, 1, 13259, '2018-07-13 14:48:27', 171, 338, b'0', b'1'),
(2, 1, 2, 13259, '2018-07-13 14:48:27', 171, 338, b'0', b'0'),
(3, 1, 3, 13259, '2018-07-13 14:48:27', 171, 338, b'0', b'0'),
(4, 1, 4, 13259, '2018-07-13 14:48:27', 171, 338, b'0', b'0'),
(5, 1, 5, 13259, '2018-07-13 14:48:27', 171, 338, b'1', b'0'),
(6, 1, 6, 13259, '2018-07-13 14:48:27', 171, 338, b'0', b'0'),
(7, 1, 2, 102987, '2018-07-13 14:48:34', 171, 339, b'0', b'0'),
(8, 1, 6, 102987, '2018-07-13 14:48:34', 171, 339, b'1', b'1'),
(9, 1, 9, 102987, '2018-07-13 14:48:34', 171, 339, b'0', b'0'),
(10, 1, 11, 102987, '2018-07-13 14:48:34', 171, 339, b'0', b'0'),
(11, 1, 50, 102987, '2018-07-13 14:48:34', 171, 339, b'0', b'0'),
(12, 1, 51, 102987, '2018-07-13 14:48:34', 171, 339, b'0', b'0'),
(13, 1, 6, 102989, '2018-07-13 14:48:38', 171, 340, b'0', b'0'),
(14, 1, 57, 102989, '2018-07-13 14:48:38', 171, 340, b'0', b'0'),
(15, 1, 58, 102989, '2018-07-13 14:48:38', 171, 340, b'0', b'0'),
(16, 1, 59, 102989, '2018-07-13 14:48:38', 171, 340, b'0', b'0'),
(17, 1, 60, 102989, '2018-07-13 14:48:38', 171, 340, b'1', b'1'),
(18, 1, 61, 102989, '2018-07-13 14:48:38', 171, 340, b'0', b'0'),
(19, 1, 1, 93095, '2018-07-13 14:48:42', 171, 341, b'0', b'1'),
(20, 1, 2, 93095, '2018-07-13 14:48:42', 171, 341, b'1', b'0'),
(21, 1, 3, 93095, '2018-07-13 14:48:42', 171, 341, b'0', b'0'),
(22, 1, 4, 93095, '2018-07-13 14:48:42', 171, 341, b'0', b'0'),
(23, 1, 5, 93095, '2018-07-13 14:48:42', 171, 341, b'0', b'0'),
(24, 1, 6, 93095, '2018-07-13 14:48:42', 171, 341, b'0', b'0'),
(25, 1, 1, 99346, '2018-07-13 14:48:45', 171, 342, b'0', b'0'),
(26, 1, 2, 99346, '2018-07-13 14:48:45', 171, 342, b'1', b'0'),
(27, 1, 3, 99346, '2018-07-13 14:48:45', 171, 342, b'0', b'1'),
(28, 1, 4, 99346, '2018-07-13 14:48:45', 171, 342, b'0', b'0'),
(29, 1, 5, 99346, '2018-07-13 14:48:45', 171, 342, b'0', b'0'),
(30, 1, 6, 99346, '2018-07-13 14:48:45', 171, 342, b'0', b'0');

-- --------------------------------------------------------

--
-- Struttura della tabella `resource`
--

CREATE TABLE `resource` (
  `idResource` int(16) NOT NULL,
  `refId` varchar(128) NOT NULL,
  `label` varchar(128) DEFAULT NULL,
  `lat` double DEFAULT NULL,
  `long` double DEFAULT NULL,
  `url` varchar(256) DEFAULT NULL,
  `orderBy` double DEFAULT NULL
) ENGINE=InnoDB DEFAULT CHARSET=utf8;

--
-- Dump dei dati per la tabella `resource`
--

INSERT INTO `resource` (`idResource`, `refId`, `label`, `lat`, `long`, `url`, `orderBy`) VALUES
(13251, '655805', NULL, NULL, NULL, 'http://eol.jsc.nasa.gov/DatabaseImages/ESC/small/ISS031/ISS031-E-15165.JPG', 0.8703662165164633),
(13259, '655814', NULL, NULL, NULL, 'http://eol.jsc.nasa.gov/DatabaseImages/ESC/small/ISS031/ISS031-E-15174.JPG', 0.11793898708926419),
(83591, '047127599', NULL, NULL, NULL, 'https://s3-eu-west-1.amazonaws.com/nasa-resources/nightknights/DatabaseImages/ISS047/ISS047-E-127599.JPG', 0.9011686620313383),
(88017, '045164521', NULL, NULL, NULL, 'https://s3-eu-west-1.amazonaws.com/nasa-resources/nightknights/DatabaseImages/ISS045/ISS045-E-164521.JPG', 0.867661098826361),
(93095, '045162938', NULL, NULL, NULL, 'https://s3-eu-west-1.amazonaws.com/nasa-resources/nightknights/DatabaseImages/ISS045/ISS045-E-162938.JPG', 0.8412985213485533),
(97008, '04616719', NULL, NULL, NULL, 'https://s3-eu-west-1.amazonaws.com/nasa-resources/nightknights/DatabaseImages/ISS046/ISS046-E-16719.JPG', 0.9813360683446155),
(99346, '045155521', NULL, NULL, NULL, 'https://s3-eu-west-1.amazonaws.com/nasa-resources/nightknights/DatabaseImages/ISS045/ISS045-E-155521.JPG', 0.8333398046282491),
(101104, '045152569', NULL, NULL, NULL, 'https://s3-eu-west-1.amazonaws.com/nasa-resources/nightknights/DatabaseImages/ISS045/ISS045-E-152569.JPG', 0.9496637694068847),
(102974, '045147733', NULL, NULL, NULL, 'https://s3-eu-west-1.amazonaws.com/nasa-resources/nightknights/DatabaseImages/ISS045/ISS045-E-147733.JPG', 0.8974658976285401),
(102975, '', NULL, NULL, NULL, 'https://upload.wikimedia.org/wikipedia/commons/thumb/3/36/Matteo_Salvini_Viminale.jpg/1024px-Matteo_Salvini_Viminale.jpg', 0.8979483317417378),
(102976, '', NULL, NULL, NULL, 'analogy/resource/trump.png', 0.8903262165194633),
(102977, '', NULL, NULL, NULL, 'analogy/resource/jackson.png', 0.8876543212345678),
(102981, '', NULL, NULL, NULL, 'analogy/resource/cesare.png', 0.8879482317417378),
(102982, '', NULL, NULL, NULL, 'analogy/resource/dante.png', 0.8811482347417378),
(102983, '', NULL, NULL, NULL, 'analogy/resource/et.png', 0.8879482347417378),
(102984, '', NULL, NULL, NULL, 'analogy/resource/gheddafi.png', 0.8879482346417378),
(102985, '', NULL, NULL, NULL, 'analogy/resource/gutenberg.png', 0.8879481347417378),
(102986, '', NULL, NULL, NULL, 'analogy/resource/jobs.png', 0.8879482147417378),
(102987, '', NULL, NULL, NULL, 'analogy/resource/lePen.png', 0.8379482347417379),
(102988, '', NULL, NULL, NULL, 'analogy/resource/letterman.png', 0.8879482347497378),
(102989, '', NULL, NULL, NULL, 'analogy/resource/marie.png', 0.8079482347417378),
(102990, '', NULL, NULL, NULL, 'analogy/resource/napoleone.png', 0.8913232165194633),
(102991, '', NULL, NULL, NULL, 'analogy/resource/obama.png', 0.7879482347417378);

-- --------------------------------------------------------

--
-- Struttura della tabella `resource_has_topic`
--

CREATE TABLE `resource_has_topic` (
  `id` int(11) NOT NULL,
  `idResource` int(11) NOT NULL,
  `idTopic` int(11) NOT NULL,
  `score` float NOT NULL,
  `timestamp` timestamp NOT NULL DEFAULT CURRENT_TIMESTAMP ON UPDATE CURRENT_TIMESTAMP
) ENGINE=InnoDB DEFAULT CHARSET=utf8;

--
-- Dump dei dati per la tabella `resource_has_topic`
--

INSERT INTO `resource_has_topic` (`id`, `idResource`, `idTopic`, `score`, `timestamp`) VALUES
(13251, 13251, 5, 2, '2016-09-16 12:28:12'),
(13259, 13259, 5, 2, '2016-09-16 12:28:12'),
(194081, 83591, 1, 0.0248936, '2018-07-13 07:47:18'),
(194082, 83591, 2, 0.409638, '2018-07-12 12:54:04'),
(194083, 83591, 3, 0.537341, '2018-07-13 07:51:10'),
(194084, 83591, 4, 0.0338338, '2018-07-10 07:14:29'),
(194085, 83591, 5, 0.0124468, '2018-07-12 13:45:15'),
(194086, 83591, 6, 0.0338338, '2018-07-10 09:25:57'),
(225063, 88017, 1, 0, '2017-06-13 02:08:29'),
(225064, 88017, 2, 1.09197, '2018-07-10 06:20:04'),
(225065, 88017, 3, 0, '2017-06-13 02:08:29'),
(225066, 88017, 4, 0, '2017-06-13 02:08:29'),
(225067, 88017, 5, 0, '2017-06-13 02:08:29'),
(225068, 88017, 6, 0, '2017-06-13 02:08:29'),
(260609, 93095, 1, 0, '2017-06-13 09:57:33'),
(260610, 93095, 2, 1.09197, '2018-07-10 06:20:04'),
(260611, 93095, 3, 0, '2017-06-13 09:57:33'),
(260612, 93095, 4, 0, '2017-06-13 09:57:33'),
(260613, 93095, 5, 0, '2017-06-13 09:57:33'),
(260614, 93095, 6, 0, '2017-06-13 09:57:33'),
(287999, 97008, 1, 0, '2017-06-16 16:37:55'),
(288000, 97008, 2, 0, '2017-06-16 16:37:55'),
(288001, 97008, 3, 0, '2017-06-16 16:37:55'),
(288002, 97008, 4, 0, '2017-06-16 16:37:55'),
(288003, 97008, 5, 0, '2017-06-16 16:37:55'),
(288004, 97008, 6, 0, '2017-06-16 16:37:55'),
(304365, 99346, 1, 0, '2017-06-26 11:11:46'),
(304366, 99346, 2, 1, '2018-07-10 07:09:41'),
(304367, 99346, 3, 0.25, '2018-07-10 06:20:04'),
(304368, 99346, 4, 0.18394, '2018-07-10 07:06:37'),
(304369, 99346, 5, 0, '2017-06-26 11:11:46'),
(304370, 99346, 6, 0, '2017-06-26 11:11:46'),
(316671, 101104, 1, 0.0338338, '2018-07-13 07:51:49'),
(316672, 101104, 2, 0, '2017-06-28 07:41:36'),
(316673, 101104, 3, 0.0124468, '2018-07-13 07:47:59'),
(316674, 101104, 4, 0, '2017-06-28 07:41:36'),
(316675, 101104, 5, 0, '2017-06-28 07:41:36'),
(316676, 101104, 6, 0, '2017-06-28 07:41:36'),
(329761, 102974, 1, 0.0919699, '2018-07-10 07:13:50'),
(329762, 102974, 2, 1.05974, '2018-07-12 08:17:10'),
(329763, 102974, 3, 0.317668, '2018-07-10 09:43:07'),
(329764, 102974, 4, 0.59197, '2018-07-11 10:03:58'),
(329765, 102974, 5, 0, '2017-06-29 06:39:46'),
(329766, 102974, 6, 0.18394, '2018-07-10 09:40:48'),
(329767, 13251, 1, 0, '2018-07-10 05:40:59'),
(329768, 13251, 2, 0, '2018-07-10 05:41:48'),
(329769, 13251, 3, 0, '2018-07-10 05:42:04'),
(329770, 13251, 4, 0, '2018-07-10 05:42:29'),
(329771, 13251, 6, 0, '2018-07-10 05:42:39'),
(329772, 13259, 1, 0, '2018-07-10 05:43:23'),
(329773, 13259, 2, 0, '2018-07-10 05:43:23'),
(329774, 13259, 3, 0, '2018-07-10 05:43:42'),
(329775, 13259, 4, 0, '2018-07-10 05:43:42'),
(329776, 13259, 6, 0, '2018-07-10 05:43:48'),
(329800, 102977, 6, 0, '2018-07-10 06:12:37'),
(329801, 102976, 9, 0.217774, '2018-07-13 09:38:43'),
(329802, 102976, 10, 0.0462806, '2018-07-13 07:51:10'),
(329803, 102976, 11, 0.43394, '2018-07-11 15:56:25'),
(329804, 102976, 2, 0.0801144, '2018-07-12 12:41:05'),
(329805, 102976, 12, 0.0124468, '2018-07-13 07:47:18'),
(329806, 102976, 6, 0.34197, '2018-07-12 08:17:10'),
(329807, 102975, 1, 0.0462806, '2018-07-12 13:45:15'),
(329808, 102975, 2, 0.104417, '2018-07-12 08:13:49'),
(329809, 102975, 3, 0.0462806, '2018-07-12 13:07:38'),
(329810, 102975, 4, 0.267562, '2018-07-13 07:51:10'),
(329811, 102975, 5, 0.0919699, '2018-07-10 07:10:29'),
(329812, 102975, 6, 0.125804, '2018-07-10 09:35:26'),
(329814, 102977, 14, 0.0338338, '2018-07-13 09:38:43'),
(329815, 102977, 13, 0, '2018-07-13 07:49:10'),
(329816, 102977, 14, 0.0338338, '2018-07-13 09:38:43'),
(329817, 102977, 15, 0, '2018-07-13 07:48:54'),
(329818, 102977, 16, 0, '2018-07-13 07:49:05'),
(329819, 102977, 17, 0, '2018-07-13 07:48:50'),
(329820, 102983, 18, 0.0338338, '2018-07-13 09:38:43'),
(329821, 102983, 19, 0, '2018-07-13 09:22:18'),
(329822, 102983, 20, 0, '2018-07-13 09:22:34'),
(329823, 102983, 21, 0, '2018-07-13 09:22:34'),
(329824, 102983, 22, 0, '2018-07-13 09:22:49'),
(329825, 102983, 6, 0, '2018-07-13 09:22:49'),
(329826, 102990, 23, 0, '2018-07-13 09:30:11'),
(329827, 102990, 24, 0, '2018-07-13 09:30:11'),
(329828, 102990, 25, 0, '2018-07-13 09:30:23'),
(329829, 102990, 26, 0.0338338, '2018-07-13 09:38:43'),
(329830, 102990, 27, 0, '2018-07-13 09:30:35'),
(329831, 102990, 6, 0, '2018-07-13 09:30:35'),
(329832, 102982, 28, 0, '2018-07-13 13:38:53'),
(329833, 102982, 29, 0, '2018-07-13 13:38:53'),
(329834, 102982, 30, 0, '2018-07-13 13:39:06'),
(329835, 102982, 31, 0, '2018-07-13 13:39:06'),
(329836, 102982, 32, 0, '2018-07-13 13:39:17'),
(329837, 102982, 6, 0, '2018-07-13 13:39:17'),
(329838, 102991, 9, 0, '2018-07-13 13:45:18'),
(329839, 102991, 10, 0, '2018-07-13 13:45:18'),
(329840, 102991, 11, 0, '2018-07-13 13:45:30'),
(329841, 102991, 33, 0, '2018-07-13 13:45:30'),
(329842, 102991, 34, 0, '2018-07-13 13:45:41'),
(329843, 102991, 6, 0, '2018-07-13 13:45:41'),
(329844, 102985, 35, 0, '2018-07-13 14:02:51'),
(329845, 102985, 36, 0, '2018-07-13 14:02:51'),
(329846, 102985, 37, 0, '2018-07-13 14:03:06'),
(329847, 102985, 38, 0, '2018-07-13 14:03:06'),
(329848, 102985, 39, 0, '2018-07-13 14:03:19'),
(329849, 102985, 6, 0, '2018-07-13 14:03:19'),
(329850, 102986, 40, 0, '2018-07-13 14:09:38'),
(329851, 102986, 41, 0, '2018-07-13 14:09:38'),
(329852, 102986, 42, 0, '2018-07-13 14:09:50'),
(329853, 102986, 43, 0, '2018-07-13 14:09:50'),
(329854, 102986, 44, 0, '2018-07-13 14:10:01'),
(329855, 102986, 6, 0, '2018-07-13 14:10:01'),
(329856, 102988, 45, 0, '2018-07-13 14:16:09'),
(329857, 102988, 46, 0, '2018-07-13 14:16:09'),
(329858, 102988, 47, 0, '2018-07-13 14:16:21'),
(329859, 102988, 48, 0, '2018-07-13 14:16:21'),
(329860, 102988, 49, 0, '2018-07-13 14:16:33'),
(329861, 102988, 6, 0, '2018-07-13 14:16:33'),
(329862, 102987, 50, 0, '2018-07-13 14:21:32'),
(329863, 102987, 51, 0, '2018-07-13 14:21:32'),
(329864, 102987, 9, 0, '2018-07-13 14:21:46'),
(329865, 102987, 11, 0, '2018-07-13 14:21:46'),
(329866, 102987, 2, 0, '2018-07-13 14:22:00'),
(329867, 102987, 6, 0, '2018-07-13 14:22:00'),
(329868, 102984, 52, 0, '2018-07-13 14:28:34'),
(329869, 102984, 53, 0, '2018-07-13 14:28:34'),
(329870, 102984, 54, 0, '2018-07-13 14:28:46'),
(329871, 102984, 55, 0, '2018-07-13 14:28:46'),
(329872, 102984, 56, 0, '2018-07-13 14:28:57'),
(329873, 102984, 6, 0, '2018-07-13 14:28:57'),
(329874, 102989, 57, 0, '2018-07-13 14:36:15'),
(329875, 102989, 58, 0, '2018-07-13 14:36:15'),
(329876, 102989, 59, 0, '2018-07-13 14:36:31'),
(329877, 102989, 60, 0, '2018-07-13 14:36:31'),
(329878, 102989, 61, 0, '2018-07-13 14:36:44'),
(329879, 102989, 6, 0, '2018-07-13 14:36:44'),
(329880, 102981, 57, 0, '2018-07-13 14:44:10'),
(329881, 102981, 58, 0, '2018-07-13 14:44:10'),
(329882, 102981, 59, 0, '2018-07-13 14:44:23'),
(329883, 102981, 60, 0, '2018-07-13 14:44:23'),
(329884, 102981, 61, 0, '2018-07-13 14:44:33'),
(329885, 102981, 6, 0, '2018-07-13 14:44:33');

-- --------------------------------------------------------

--
-- Struttura della tabella `round`
--

CREATE TABLE `round` (
  `idRound` int(11) NOT NULL,
  `startRound` timestamp NOT NULL DEFAULT CURRENT_TIMESTAMP,
  `endRound` timestamp NOT NULL DEFAULT '0000-00-00 00:00:00',
  `idUser` int(11) NOT NULL,
  `score` int(11) NOT NULL
) ENGINE=InnoDB DEFAULT CHARSET=utf8;

--
-- Dump dei dati per la tabella `round`
--

INSERT INTO `round` (`idRound`, `startRound`, `endRound`, `idUser`, `score`) VALUES
(1, '2018-07-10 09:32:06', '0000-00-00 00:00:00', 1, 0),
(2, '2018-07-10 09:32:49', '0000-00-00 00:00:00', 1, 0),
(3, '2018-07-10 09:33:19', '0000-00-00 00:00:00', 1, 0),
(4, '2018-07-10 09:34:08', '2018-07-10 09:35:26', 1, 50),
(5, '2018-07-10 09:36:01', '0000-00-00 00:00:00', 1, 0),
(6, '2018-07-10 09:37:52', '2018-07-10 09:40:48', 1, 0),
(7, '2018-07-10 09:42:20', '2018-07-10 09:43:07', 2, 100),
(8, '2018-07-10 09:43:09', '0000-00-00 00:00:00', 2, 0),
(9, '2018-07-10 13:19:16', '0000-00-00 00:00:00', 3, 0),
(10, '2018-07-10 17:42:45', '0000-00-00 00:00:00', 1, 0),
(11, '2018-07-10 17:43:53', '0000-00-00 00:00:00', 1, 0),
(12, '2018-07-10 17:46:29', '2018-07-10 17:47:48', 1, 0),
(13, '2018-07-10 20:56:10', '2018-07-10 20:57:25', 2, 0),
(14, '2018-07-10 20:57:27', '2018-07-10 20:58:46', 2, 0),
(15, '2018-07-10 20:58:55', '2018-07-10 21:00:25', 2, 0),
(16, '2018-07-10 21:04:25', '0000-00-00 00:00:00', 2, 0),
(17, '2018-07-10 21:05:36', '0000-00-00 00:00:00', 2, 0),
(18, '2018-07-10 21:06:49', '0000-00-00 00:00:00', 2, 0),
(19, '2018-07-10 21:07:55', '0000-00-00 00:00:00', 2, 0),
(20, '2018-07-10 21:11:36', '0000-00-00 00:00:00', 2, 0),
(21, '2018-07-10 21:13:34', '0000-00-00 00:00:00', 2, 0),
(22, '2018-07-10 21:14:55', '0000-00-00 00:00:00', 2, 0),
(23, '2018-07-10 21:15:45', '0000-00-00 00:00:00', 2, 0),
(24, '2018-07-10 21:19:01', '2018-07-10 21:20:42', 2, 0),
(25, '2018-07-10 21:20:43', '0000-00-00 00:00:00', 2, 0),
(26, '2018-07-10 21:21:13', '0000-00-00 00:00:00', 2, 0),
(27, '2018-07-10 21:23:19', '0000-00-00 00:00:00', 2, 0),
(28, '2018-07-10 21:30:50', '0000-00-00 00:00:00', 2, 0),
(29, '2018-07-10 21:31:29', '0000-00-00 00:00:00', 2, 0),
(30, '2018-07-11 08:24:37', '2018-07-11 08:27:23', 1, 0),
(31, '2018-07-11 08:40:32', '0000-00-00 00:00:00', 1, 0),
(32, '2018-07-11 08:41:07', '0000-00-00 00:00:00', 1, 0),
(33, '2018-07-11 08:41:48', '0000-00-00 00:00:00', 1, 0),
(34, '2018-07-11 08:42:23', '0000-00-00 00:00:00', 1, 0),
(35, '2018-07-11 08:42:32', '2018-07-11 08:44:52', 1, 0),
(36, '2018-07-11 09:20:07', '0000-00-00 00:00:00', 1, 0),
(37, '2018-07-11 09:21:30', '0000-00-00 00:00:00', 1, 0),
(38, '2018-07-11 09:28:14', '0000-00-00 00:00:00', 1, 0),
(39, '2018-07-11 09:31:19', '2018-07-11 09:32:54', 1, 0),
(40, '2018-07-11 09:32:56', '0000-00-00 00:00:00', 1, 0),
(41, '2018-07-11 09:35:54', '2018-07-11 09:37:07', 1, 0),
(42, '2018-07-11 09:37:28', '2018-07-11 09:41:27', 1, 0),
(43, '2018-07-11 09:42:14', '0000-00-00 00:00:00', 1, 0),
(44, '2018-07-11 10:00:14', '2018-07-11 10:01:54', 1, 0),
(45, '2018-07-11 10:02:41', '2018-07-11 10:03:58', 1, 0),
(46, '2018-07-11 10:03:59', '2018-07-11 10:05:51', 1, 0),
(47, '2018-07-11 10:06:01', '0000-00-00 00:00:00', 1, 0),
(48, '2018-07-11 10:06:45', '2018-07-11 10:08:36', 1, 0),
(49, '2018-07-11 10:12:25', '0000-00-00 00:00:00', 1, 0),
(50, '2018-07-11 10:14:54', '0000-00-00 00:00:00', 1, 0),
(51, '2018-07-11 10:16:13', '0000-00-00 00:00:00', 1, 0),
(52, '2018-07-11 10:19:09', '0000-00-00 00:00:00', 1, 0),
(53, '2018-07-11 10:19:53', '0000-00-00 00:00:00', 1, 0),
(54, '2018-07-11 10:21:03', '2018-07-11 10:22:14', 1, 0),
(55, '2018-07-11 10:25:54', '2018-07-11 10:27:06', 1, 0),
(56, '2018-07-11 14:17:24', '2018-07-11 14:18:35', 2, 0),
(57, '2018-07-11 14:20:08', '2018-07-11 14:22:07', 2, 0),
(58, '2018-07-11 14:22:13', '2018-07-11 14:25:48', 2, 0),
(59, '2018-07-11 14:25:53', '0000-00-00 00:00:00', 2, 0),
(60, '2018-07-11 14:26:37', '2018-07-11 14:27:52', 2, 0),
(61, '2018-07-11 14:30:39', '2018-07-11 14:34:26', 2, 0),
(62, '2018-07-11 14:34:40', '0000-00-00 00:00:00', 2, 0),
(63, '2018-07-11 14:39:32', '0000-00-00 00:00:00', 2, 0),
(64, '2018-07-11 14:41:33', '0000-00-00 00:00:00', 2, 0),
(65, '2018-07-11 14:43:11', '0000-00-00 00:00:00', 2, 0),
(66, '2018-07-11 14:44:09', '0000-00-00 00:00:00', 2, 0),
(67, '2018-07-11 14:44:51', '2018-07-11 14:46:05', 2, 0),
(68, '2018-07-11 14:46:07', '0000-00-00 00:00:00', 2, 0),
(69, '2018-07-11 14:50:55', '2018-07-11 14:52:15', 2, 0),
(70, '2018-07-11 15:06:45', '0000-00-00 00:00:00', 2, 0),
(71, '2018-07-11 15:08:38', '0000-00-00 00:00:00', 2, 0),
(72, '2018-07-11 15:09:57', '0000-00-00 00:00:00', 2, 0),
(73, '2018-07-11 15:10:58', '0000-00-00 00:00:00', 2, 0),
(74, '2018-07-11 15:11:57', '0000-00-00 00:00:00', 2, 0),
(75, '2018-07-11 15:12:54', '2018-07-11 15:14:08', 2, 0),
(76, '2018-07-11 15:14:10', '0000-00-00 00:00:00', 2, 0),
(77, '2018-07-11 15:17:19', '0000-00-00 00:00:00', 1, 0),
(78, '2018-07-11 15:18:26', '2018-07-11 15:19:39', 1, 0),
(79, '2018-07-11 15:19:41', '2018-07-11 15:20:52', 1, 0),
(80, '2018-07-11 15:20:54', '2018-07-11 15:22:12', 1, 0),
(81, '2018-07-11 15:22:14', '2018-07-11 15:23:33', 1, 0),
(82, '2018-07-11 15:23:35', '2018-07-11 15:24:54', 1, 0),
(83, '2018-07-11 15:25:00', '2018-07-11 15:26:11', 1, 0),
(84, '2018-07-11 15:26:58', '2018-07-11 15:28:11', 1, 0),
(85, '2018-07-11 15:28:13', '2018-07-11 15:29:25', 1, 0),
(86, '2018-07-11 15:29:28', '2018-07-11 15:30:41', 1, 0),
(87, '2018-07-11 15:30:42', '2018-07-11 15:31:59', 1, 0),
(88, '2018-07-11 15:32:03', '2018-07-11 15:33:26', 1, 0),
(89, '2018-07-11 15:34:06', '2018-07-11 15:35:24', 1, 0),
(90, '2018-07-11 15:35:31', '2018-07-11 15:36:52', 1, 0),
(91, '2018-07-11 15:37:35', '2018-07-11 15:39:01', 1, 0),
(92, '2018-07-11 15:39:44', '0000-00-00 00:00:00', 1, 0),
(93, '2018-07-11 15:57:42', '2018-07-11 15:58:56', 2, 0),
(94, '2018-07-11 16:14:01', '2018-07-11 16:29:22', 2, 0),
(95, '2018-07-11 16:15:39', '0000-00-00 00:00:00', 1, 0),
(96, '2018-07-11 16:16:20', '2018-07-11 16:17:33', 1, 50),
(97, '2018-07-11 16:17:36', '0000-00-00 00:00:00', 1, 0),
(98, '2018-07-11 16:18:23', '2018-07-11 16:19:41', 1, 50),
(99, '2018-07-11 16:22:32', '0000-00-00 00:00:00', 1, 0),
(100, '2018-07-11 16:23:24', '0000-00-00 00:00:00', 2, 0),
(101, '2018-07-11 16:25:13', '0000-00-00 00:00:00', 1, 0),
(102, '2018-07-11 16:26:28', '0000-00-00 00:00:00', 1, 0),
(103, '2018-07-11 16:27:42', '2018-07-11 16:29:08', 1, 0),
(104, '2018-07-11 16:30:06', '0000-00-00 00:00:00', 2, 0),
(105, '2018-07-12 08:12:33', '2018-07-12 08:13:49', 3, 0),
(106, '2018-07-12 08:15:43', '2018-07-12 08:17:10', 3, 0),
(107, '2018-07-12 08:17:32', '0000-00-00 00:00:00', 3, 0),
(108, '2018-07-12 08:19:01', '2018-07-12 08:21:14', 3, 0),
(109, '2018-07-12 08:22:27', '0000-00-00 00:00:00', 1, 0),
(110, '2018-07-12 08:24:16', '0000-00-00 00:00:00', 1, 0),
(111, '2018-07-12 08:26:18', '2018-07-12 08:27:31', 1, 0),
(112, '2018-07-12 08:28:59', '2018-07-12 08:30:14', 1, 0),
(113, '2018-07-12 08:32:09', '2018-07-12 08:33:28', 1, 0),
(114, '2018-07-12 08:33:30', '2018-07-12 08:34:47', 1, 0),
(115, '2018-07-12 08:34:49', '2018-07-12 08:36:03', 1, 0),
(116, '2018-07-12 08:36:05', '2018-07-12 08:37:36', 1, 0),
(117, '2018-07-12 08:39:41', '0000-00-00 00:00:00', 1, 0),
(118, '2018-07-12 08:40:46', '2018-07-12 08:42:02', 1, 0),
(119, '2018-07-12 08:42:04', '2018-07-12 08:43:15', 1, 0),
(120, '2018-07-12 08:43:16', '0000-00-00 00:00:00', 1, 0),
(121, '2018-07-12 08:44:43', '2018-07-12 08:46:01', 1, 0),
(122, '2018-07-12 08:49:46', '0000-00-00 00:00:00', 1, 0),
(123, '2018-07-12 08:50:54', '0000-00-00 00:00:00', 1, 0),
(124, '2018-07-12 08:52:06', '2018-07-12 08:53:20', 1, 0),
(125, '2018-07-12 09:53:13', '2018-07-12 09:54:24', 1, 150),
(126, '2018-07-12 09:58:46', '0000-00-00 00:00:00', 1, 0),
(127, '2018-07-12 12:39:58', '2018-07-12 12:41:05', 1, 0),
(128, '2018-07-12 12:52:06', '0000-00-00 00:00:00', 1, 0),
(129, '2018-07-12 12:52:23', '2018-07-12 12:54:04', 1, 50),
(130, '2018-07-12 12:55:02', '0000-00-00 00:00:00', 1, 0),
(131, '2018-07-12 12:57:41', '2018-07-12 12:58:57', 1, 0),
(132, '2018-07-12 12:59:35', '2018-07-12 13:00:50', 1, 0),
(133, '2018-07-12 13:01:25', '0000-00-00 00:00:00', 1, 0),
(134, '2018-07-12 13:03:19', '0000-00-00 00:00:00', 1, 0),
(135, '2018-07-12 13:06:05', '2018-07-12 13:07:38', 1, 150),
(136, '2018-07-12 13:07:50', '2018-07-12 13:09:08', 1, 0),
(137, '2018-07-12 13:21:36', '0000-00-00 00:00:00', 1, 0),
(138, '2018-07-12 13:21:49', '2018-07-12 13:23:05', 1, 0),
(139, '2018-07-12 13:33:57', '2018-07-12 13:35:18', 1, 0),
(140, '2018-07-12 13:35:19', '2018-07-12 13:36:33', 1, 0),
(141, '2018-07-12 13:36:43', '2018-07-12 13:37:58', 1, 0),
(142, '2018-07-12 13:38:20', '2018-07-12 13:39:38', 1, 0),
(143, '2018-07-12 13:40:41', '0000-00-00 00:00:00', 1, 0),
(144, '2018-07-12 13:41:54', '2018-07-12 13:43:17', 1, 0),
(145, '2018-07-12 13:44:00', '2018-07-12 13:45:15', 1, 50),
(146, '2018-07-13 06:58:57', '2018-07-13 07:00:14', 1, 0),
(147, '2018-07-13 07:00:16', '2018-07-13 07:01:29', 1, 100),
(148, '2018-07-13 07:01:34', '0000-00-00 00:00:00', 1, 0),
(149, '2018-07-13 07:02:49', '0000-00-00 00:00:00', 1, 0),
(150, '2018-07-13 07:04:17', '0000-00-00 00:00:00', 1, 0),
(151, '2018-07-13 07:08:35', '0000-00-00 00:00:00', 1, 0),
(152, '2018-07-13 07:10:06', '0000-00-00 00:00:00', 1, 0),
(153, '2018-07-13 07:13:23', '0000-00-00 00:00:00', 1, 0),
(154, '2018-07-13 07:18:16', '0000-00-00 00:00:00', 1, 0),
(155, '2018-07-13 07:20:00', '0000-00-00 00:00:00', 1, 0),
(156, '2018-07-13 07:21:50', '0000-00-00 00:00:00', 1, 0),
(157, '2018-07-13 07:41:55', '0000-00-00 00:00:00', 1, 0),
(158, '2018-07-13 07:43:17', '2018-07-13 07:44:48', 1, 0),
(159, '2018-07-13 07:45:40', '0000-00-00 00:00:00', 1, 0),
(160, '2018-07-13 07:46:37', '2018-07-13 07:47:18', 1, 50),
(161, '2018-07-13 07:47:19', '2018-07-13 07:47:59', 1, 50),
(162, '2018-07-13 07:48:00', '0000-00-00 00:00:00', 1, 0),
(163, '2018-07-13 07:50:27', '2018-07-13 07:51:10', 1, 0),
(164, '2018-07-13 07:51:11', '2018-07-13 07:51:49', 1, 50),
(165, '2018-07-13 07:56:59', '0000-00-00 00:00:00', 1, 0),
(166, '2018-07-13 08:00:25', '0000-00-00 00:00:00', 1, 0),
(167, '2018-07-13 08:16:31', '0000-00-00 00:00:00', 1, 0),
(168, '2018-07-13 09:33:50', '0000-00-00 00:00:00', 1, 0),
(169, '2018-07-13 09:36:06', '0000-00-00 00:00:00', 1, 0),
(170, '2018-07-13 09:37:56', '2018-07-13 09:38:43', 1, 100),
(171, '2018-07-13 14:48:12', '0000-00-00 00:00:00', 1, 0);

-- --------------------------------------------------------

--
-- Struttura della tabella `topic`
--

CREATE TABLE `topic` (
  `idTopic` int(16) NOT NULL,
  `refId` varchar(256) DEFAULT NULL,
  `value` varchar(256) DEFAULT NULL,
  `label` varchar(256) NOT NULL,
  `url` varchar(256) DEFAULT NULL,
  `weight` float DEFAULT NULL
) ENGINE=InnoDB DEFAULT CHARSET=utf8 ROW_FORMAT=DYNAMIC;

--
-- Dump dei dati per la tabella `topic`
--

INSERT INTO `topic` (`idTopic`, `refId`, `value`, `label`, `url`, `weight`) VALUES
(1, NULL, 'black', 'Mario', 'https://upload.wikimedia.org/wikipedia/it/5/50/Mario_Nintendo.png', 0.016),
(2, NULL, 'salvini', 'Salvini', 'analogy/topic/matteoSalvini.png', 0.719),
(3, NULL, 'stars', 'Papa', 'https://upload.wikimedia.org/wikipedia/commons/d/dd/Ritratto_di_Papa_Giovanni_Paolo_II.jpg', 0.021),
(4, NULL, 'aurora', 'Al_capone', 'https://upload.wikimedia.org/wikipedia/commons/a/a4/Al_Capone_in_1929.jpg', 0.147),
(5, NULL, 'astronaut', 'Logan', 'https://upload.wikimedia.org/wikipedia/commons/thumb/9/9c/10.8.16LoganPaulByLuigiNovi1.jpg/1280px-10.8.16LoganPaulByLuigiNovi1.jpg', 0.006),
(6, NULL, 'none', 'Nessuna', 'analogy/topic/none.png', 0.091),
(7, NULL, '404', 'NO_PHOTO_DESCRIPTION', NULL, NULL),
(8, NULL, 'unknown', 'I_DONT_KNOW_DESCRIPTION', NULL, NULL),
(9, NULL, 'silvio', 'Silvio Berlusconi', 'analogy/topic/silvioBerlusconi.png', 0.5),
(10, NULL, 'Mattarella', 'Sergio Mattarella', 'analogy/topic/sergioMattarella.png', 0.3),
(11, NULL, 'Renzi', 'Matteo Renzi', 'analogy/topic/matteoRenzi.png', 0.5),
(12, NULL, 'Gentiloni', 'Paolo Gentiloni', 'analogy/topic/paoloGentiloni.png', 0.4),
(13, NULL, NULL, 'David Bowie', 'analogy/topic/bowie.png', 0.3),
(14, NULL, NULL, 'Elvis Presley', 'analogy/topic/elvis.png', 0.3),
(15, NULL, NULL, 'Jimi Hendrix', 'analogy/topic/hendrix.png', 0.3),
(16, NULL, NULL, 'Mick Jagger', 'analogy/topic/jagger.png', 0.3),
(17, NULL, NULL, 'Kurt Cobain', 'analogy/topic/kurt.png', 0.3),
(18, NULL, NULL, 'I Goonies', 'analogy/topic/goonies.png', 0.3),
(19, NULL, NULL, 'Harry Potter', 'analogy/topic/harry.png', 0.3),
(20, NULL, NULL, 'Hook - Capitano uncino', 'analogy/topic/hook.png', 0.3),
(21, NULL, NULL, 'Jumanji', 'analogy/topic/jumanji.png', 0.3),
(22, NULL, NULL, 'Il signore degli anelli', 'analogy/topic/lord.png', 0.3),
(23, NULL, NULL, 'Giulio Cesare', 'analogy/topic/cesare.png', 0.3),
(24, NULL, NULL, 'Cristoforo Colombo', 'analogy/topic/colombo.png', 0.3),
(25, NULL, NULL, 'Dante Alighieri', 'analogy/topic/dante.png', 0.3),
(26, NULL, NULL, 'Giuseppe Garibaldi', 'analogy/topic/garibaldi.png', 0.3),
(27, NULL, NULL, 'Benito Mussolini', 'analogy/topic/mussolini.png', 0.3),
(28, NULL, NULL, 'William Blake', 'analogy/topic/blake.png', 0.3),
(29, NULL, NULL, 'John Milton', 'analogy/topic/milton.png', 0.3),
(30, NULL, NULL, 'George Orwell', 'analogy/topic/orwell.png', 0.3),
(31, NULL, NULL, 'William Shakespeare', 'analogy/topic/william.png', 0.3),
(32, NULL, NULL, 'William Wordsworth', 'analogy/topic/wordsworth.png', 0.3),
(33, NULL, NULL, 'Enrico Letta', 'analogy/topic/letta.png', 0.3),
(34, NULL, NULL, 'Giorgio Napolitano', 'analogy/topic/napolitano.png', 0.3),
(35, NULL, NULL, 'Alan Turing', 'analogy/topic/turing.png', 0.3),
(36, NULL, NULL, 'John Von Neumann', 'analogy/topic/von.png', 0.3),
(37, NULL, NULL, 'Steve Jobs', 'analogy/topic/jobs.png', 0.3),
(38, NULL, NULL, 'Lszl Br', 'analogy/topic/biro.png', 0.3),
(39, NULL, NULL, 'Tim-Berners Lee', 'analogy/topic/tim.png', 0.3),
(40, NULL, NULL, 'Gianni Agnelli', 'analogy/topic/agnelli.png', 0.3),
(41, NULL, NULL, 'Enzo Ferrari', 'analogy/topic/ferrari.png', 0.3),
(42, NULL, NULL, 'Michele Ferrero', 'analogy/topic/ferrero.png', 0.3),
(43, NULL, NULL, 'Ferruccio Lamborghini', 'analogy/topic/lamborghini.png', 0.3),
(44, NULL, NULL, 'Renzo Piano', 'analogy/topic/piano.png', 0.3),
(45, NULL, NULL, 'Daria Bignardi', 'analogy/topic/bignardi.png', 0.3),
(46, NULL, NULL, 'Paolo Bonolis', 'analogy/topic/bonolis.png', 0.3),
(47, NULL, NULL, 'Alessandro Cattelan', 'analogy/topic/cattelan.png', 0.3),
(48, NULL, NULL, 'Fabio Fazio', 'analogy/topic/fazio.png', 0.3),
(49, NULL, NULL, 'Gerry Scotti', 'analogy/topic/scotti.png', 0.3),
(50, NULL, NULL, 'Giorgia Meloni', 'analogy/topic/meloni.png', 0.3),
(51, NULL, NULL, 'Luigi Di Maio', 'analogy/topic/diMaio.png', 0.3),
(52, NULL, NULL, 'Bashar al-Assad', 'analogy/topic/assad.png', 0.3),
(53, NULL, NULL, 'L Dun', 'analogy/topic/duan.png', 0.3),
(54, NULL, NULL, 'Kim Jong-un', 'analogy/topic/kim.png', 0.3),
(55, NULL, NULL, 'Mao Tse-tung', 'analogy/topic/mao.png', 0.3),
(56, NULL, NULL, 'Saddam Hussein', 'analogy/topic/saddam.png', 0.3),
(57, NULL, NULL, 'Niccol Copernico', 'analogy/topic/copernico.png', 0.3),
(58, NULL, NULL, 'Galileo Galilei', 'analogy/topic/galileo.png', 0.3),
(59, NULL, NULL, 'Giovanni Keplero', 'analogy/topic/keplero.png', 0.3),
(60, NULL, NULL, 'Isaac Newton', 'analogy/topic/newton.png', 0.3),
(61, NULL, NULL, 'Blaise Pascal', 'analogy/topic/pascal.png', 0.3),
(62, NULL, NULL, 'Francesco II dAsburgo-Lorena', 'analogy/topic/asburgo.png', 0.3),
(63, NULL, NULL, 'Adolf Hitler', 'analogy/topic/hitler.png', 0.3),
(64, NULL, NULL, 'Napoleone Bonaparte', 'analogy/topic/napoleone.png', 0.3),
(65, NULL, NULL, 'Iosif Stalin', 'analogy/topic/stalin.png', 0.3),
(66, NULL, NULL, 'Vittorio Emanuele III', 'analogy/topic/vittorio.png', 0.3);

-- --------------------------------------------------------

--
-- Struttura della tabella `true_response`
--

CREATE TABLE `true_response` (
  `idRound` int(11) NOT NULL,
  `level` int(11) NOT NULL,
  `idTopicTrue` int(11) NOT NULL,
  `isGT` bit(1) NOT NULL,
  `score` int(11) NOT NULL DEFAULT '0',
  `consecutiveAnswer` int(11) NOT NULL DEFAULT '-1',
  `nErrors` int(11) NOT NULL DEFAULT '0',
  `nGTErrors` int(11) NOT NULL DEFAULT '0',
  `played` bit(1) NOT NULL DEFAULT b'0'
) ENGINE=InnoDB DEFAULT CHARSET=utf8;

--
-- Dump dei dati per la tabella `true_response`
--

INSERT INTO `true_response` (`idRound`, `level`, `idTopicTrue`, `isGT`, `score`, `consecutiveAnswer`, `nErrors`, `nGTErrors`, `played`) VALUES
(1, 1, 3, b'0', 0, -1, 1, 0, b'1'),
(1, 2, 5, b'1', 50, 0, 1, 0, b'1'),
(1, 3, 3, b'0', 50, -1, 2, 0, b'1'),
(1, 4, 2, b'1', 50, -1, 3, 1, b'1'),
(1, 5, 6, b'0', 100, 0, 3, 1, b'1'),
(1, 6, 4, b'0', 200, 1, 3, 1, b'1'),
(2, 1, 3, b'0', 0, -1, 1, 0, b'1'),
(2, 2, 3, b'0', 0, -1, 2, 0, b'1'),
(2, 3, 2, b'1', 0, -1, 3, 1, b'1'),
(2, 4, 2, b'1', 0, -1, 4, 2, b'1'),
(2, 5, 5, b'0', 0, -1, 5, 2, b'1'),
(2, 6, 2, b'0', 0, -1, 6, 2, b'1'),
(3, 1, 2, b'1', 50, 0, 0, 0, b'1'),
(3, 2, 2, b'0', 50, 0, 0, 0, b'0'),
(3, 3, 5, b'1', 50, 0, 0, 0, b'0'),
(3, 4, 5, b'0', 50, 0, 0, 0, b'0'),
(3, 5, 6, b'0', 50, 0, 0, 0, b'0'),
(3, 6, 1, b'0', 50, 0, 0, 0, b'0'),
(3, 7, 2, b'1', 50, 0, 0, 0, b'0'),
(4, 1, 3, b'0', 50, 0, 0, 0, b'1'),
(4, 2, 5, b'0', 50, -1, 1, 0, b'1'),
(4, 3, 3, b'0', 50, -1, 2, 0, b'1'),
(4, 4, 6, b'0', 50, -1, 3, 0, b'1'),
(4, 5, 2, b'1', 50, -1, 4, 1, b'1'),
(4, 6, 2, b'1', 50, -1, 5, 2, b'1'),
(4, 7, 5, b'1', 50, -1, 5, 2, b'0'),
(5, 1, 4, b'0', 0, -1, 1, 0, b'1'),
(5, 2, 5, b'0', 0, -1, 2, 0, b'1'),
(5, 3, 5, b'1', 50, 0, 2, 0, b'1'),
(5, 4, 6, b'0', 50, -1, 3, 0, b'1'),
(5, 5, 1, b'0', 50, -1, 4, 0, b'1'),
(5, 6, 2, b'1', 100, 0, 4, 0, b'1'),
(5, 7, 2, b'1', 100, -1, 5, 1, b'1'),
(6, 1, 6, b'0', 0, -1, 1, 0, b'1'),
(6, 2, 5, b'0', 0, -1, 2, 0, b'1'),
(6, 3, 1, b'0', 0, -1, 3, 0, b'1'),
(6, 4, 3, b'0', 0, -1, 4, 0, b'1'),
(6, 5, 2, b'1', 0, -1, 5, 1, b'1'),
(6, 6, 5, b'1', 0, -1, 5, 1, b'0'),
(6, 7, 2, b'1', 0, -1, 5, 1, b'0'),
(7, 1, 6, b'0', 0, -1, 1, 0, b'1'),
(7, 2, 2, b'1', 50, 0, 1, 0, b'1'),
(7, 3, 2, b'0', 50, -1, 2, 0, b'1'),
(7, 4, 2, b'1', 50, -1, 3, 1, b'1'),
(7, 5, 3, b'0', 50, -1, 4, 1, b'1'),
(7, 6, 5, b'1', 50, -1, 5, 2, b'1'),
(7, 7, 3, b'0', 100, 0, 5, 2, b'1'),
(9, 1, 4, b'0', 0, -1, 0, 0, b'0'),
(9, 2, 2, b'1', 0, -1, 0, 0, b'0'),
(9, 3, 5, b'1', 0, -1, 0, 0, b'0'),
(9, 4, 1, b'0', 0, -1, 0, 0, b'0'),
(9, 5, 1, b'0', 0, -1, 0, 0, b'0'),
(9, 6, 4, b'0', 0, -1, 0, 0, b'0'),
(9, 7, 2, b'1', 0, -1, 0, 0, b'0'),
(10, 1, 2, b'1', 0, -1, 1, 1, b'1'),
(10, 2, 5, b'1', 0, -1, 1, 1, b'0'),
(10, 3, 5, b'0', 0, -1, 1, 1, b'0'),
(10, 4, 2, b'1', 0, -1, 1, 1, b'0'),
(10, 5, 2, b'0', 0, -1, 1, 1, b'0'),
(10, 6, 3, b'0', 0, -1, 1, 1, b'0'),
(10, 7, 2, b'0', 0, -1, 1, 1, b'0'),
(11, 1, 5, b'1', 0, -1, 1, 1, b'1'),
(11, 2, 2, b'1', 0, -1, 1, 1, b'0'),
(11, 3, 2, b'1', 0, -1, 1, 1, b'0'),
(11, 4, 4, b'0', 0, -1, 1, 1, b'0'),
(11, 5, 4, b'0', 0, -1, 1, 1, b'0'),
(11, 6, 6, b'0', 0, -1, 1, 1, b'0'),
(11, 7, 3, b'0', 0, -1, 1, 1, b'0'),
(12, 1, 3, b'0', 0, -1, 0, 0, b'0'),
(12, 2, 2, b'0', 0, -1, 0, 0, b'0'),
(12, 3, 2, b'1', 0, -1, 0, 0, b'0'),
(12, 4, 3, b'0', 0, -1, 0, 0, b'0'),
(12, 5, 2, b'1', 0, -1, 0, 0, b'0'),
(12, 6, 4, b'0', 0, -1, 0, 0, b'0'),
(12, 7, 5, b'1', 0, -1, 0, 0, b'0'),
(13, 1, 2, b'1', 0, -1, 1, 1, b'1'),
(13, 2, 6, b'0', 0, -1, 1, 1, b'0'),
(13, 3, 2, b'1', 0, -1, 1, 1, b'0'),
(13, 4, 5, b'0', 0, -1, 1, 1, b'0'),
(13, 5, 5, b'1', 0, -1, 1, 1, b'0'),
(13, 6, 4, b'0', 0, -1, 1, 1, b'0'),
(13, 7, 2, b'0', 0, -1, 1, 1, b'0'),
(14, 1, 5, b'1', 0, -1, 0, 0, b'0'),
(14, 2, 2, b'1', 0, -1, 0, 0, b'0'),
(14, 3, 3, b'0', 0, -1, 0, 0, b'0'),
(14, 4, 2, b'1', 0, -1, 0, 0, b'0'),
(14, 5, 1, b'0', 0, -1, 0, 0, b'0'),
(14, 6, 4, b'0', 0, -1, 0, 0, b'0'),
(14, 7, 4, b'0', 0, -1, 0, 0, b'0'),
(15, 1, 2, b'1', 0, -1, 0, 0, b'0'),
(15, 2, 5, b'1', 0, -1, 0, 0, b'0'),
(15, 3, 5, b'0', 0, -1, 0, 0, b'0'),
(15, 4, 5, b'0', 0, -1, 0, 0, b'0'),
(15, 5, 2, b'1', 0, -1, 0, 0, b'0'),
(15, 6, 3, b'0', 0, -1, 0, 0, b'0'),
(15, 7, 3, b'0', 0, -1, 0, 0, b'0'),
(16, 1, 2, b'1', 0, -1, 1, 1, b'1'),
(16, 2, 2, b'0', 0, -1, 1, 1, b'0'),
(16, 3, 2, b'1', 0, -1, 1, 1, b'0'),
(16, 4, 5, b'1', 0, -1, 1, 1, b'0'),
(16, 5, 1, b'0', 0, -1, 1, 1, b'0'),
(16, 6, 6, b'0', 0, -1, 1, 1, b'0'),
(16, 7, 5, b'0', 0, -1, 1, 1, b'0'),
(17, 1, 2, b'1', 0, -1, 0, 0, b'0'),
(17, 2, 5, b'1', 0, -1, 0, 0, b'0'),
(17, 3, 5, b'0', 0, -1, 0, 0, b'0'),
(17, 4, 3, b'0', 0, -1, 0, 0, b'0'),
(17, 5, 1, b'0', 0, -1, 0, 0, b'0'),
(17, 6, 4, b'0', 0, -1, 0, 0, b'0'),
(17, 7, 5, b'1', 0, -1, 0, 0, b'0'),
(18, 1, 6, b'0', 0, -1, 0, 0, b'0'),
(18, 2, 6, b'0', 0, -1, 0, 0, b'0'),
(18, 3, 5, b'1', 0, -1, 0, 0, b'0'),
(18, 4, 5, b'1', 0, -1, 0, 0, b'0'),
(18, 5, 2, b'1', 0, -1, 0, 0, b'0'),
(18, 6, 5, b'0', 0, -1, 0, 0, b'0'),
(18, 7, 1, b'0', 0, -1, 0, 0, b'0'),
(19, 1, 1, b'0', 0, -1, 0, 0, b'0'),
(19, 2, 4, b'0', 0, -1, 0, 0, b'0'),
(19, 3, 5, b'1', 0, -1, 0, 0, b'0'),
(19, 4, 2, b'0', 0, -1, 0, 0, b'0'),
(19, 5, 6, b'0', 0, -1, 0, 0, b'0'),
(19, 6, 2, b'1', 0, -1, 0, 0, b'0'),
(19, 7, 5, b'1', 0, -1, 0, 0, b'0'),
(20, 1, 3, b'0', 0, -1, 1, 0, b'1'),
(20, 2, 2, b'1', 0, -1, 2, 1, b'1'),
(20, 3, 1, b'0', 0, -1, 2, 1, b'0'),
(20, 4, 5, b'1', 0, -1, 2, 1, b'0'),
(20, 5, 5, b'1', 0, -1, 2, 1, b'0'),
(20, 6, 1, b'0', 0, -1, 2, 1, b'0'),
(20, 7, 1, b'0', 0, -1, 2, 1, b'0'),
(22, 1, 3, b'0', 0, -1, 0, 0, b'0'),
(22, 2, 2, b'1', 0, -1, 0, 0, b'0'),
(22, 3, 3, b'0', 0, -1, 0, 0, b'0'),
(22, 4, 2, b'0', 0, -1, 0, 0, b'0'),
(22, 5, 2, b'0', 0, -1, 0, 0, b'0'),
(22, 6, 5, b'1', 0, -1, 0, 0, b'0'),
(22, 7, 2, b'1', 0, -1, 0, 0, b'0'),
(23, 1, 2, b'1', 0, -1, 1, 1, b'1'),
(23, 2, 5, b'0', 50, 0, 1, 1, b'1'),
(23, 3, 3, b'0', 50, 0, 1, 1, b'0'),
(23, 4, 4, b'0', 50, 0, 1, 1, b'0'),
(23, 5, 5, b'1', 50, 0, 1, 1, b'0'),
(23, 6, 2, b'1', 50, 0, 1, 1, b'0'),
(23, 7, 1, b'0', 50, 0, 1, 1, b'0'),
(24, 1, 5, b'1', 0, -1, 0, 0, b'0'),
(24, 2, 5, b'0', 0, -1, 0, 0, b'0'),
(24, 3, 3, b'0', 0, -1, 0, 0, b'0'),
(24, 4, 2, b'1', 0, -1, 0, 0, b'0'),
(24, 5, 2, b'1', 0, -1, 0, 0, b'0'),
(24, 6, 4, b'0', 0, -1, 0, 0, b'0'),
(24, 7, 5, b'0', 0, -1, 0, 0, b'0'),
(25, 1, 6, b'0', 0, -1, 0, 0, b'0'),
(25, 2, 2, b'1', 0, -1, 0, 0, b'0'),
(25, 3, 5, b'0', 0, -1, 0, 0, b'0'),
(25, 4, 5, b'1', 0, -1, 0, 0, b'0'),
(25, 5, 5, b'0', 0, -1, 0, 0, b'0'),
(25, 6, 2, b'1', 0, -1, 0, 0, b'0'),
(25, 7, 5, b'0', 0, -1, 0, 0, b'0'),
(26, 1, 5, b'0', 0, -1, 1, 0, b'1'),
(26, 2, 5, b'1', 0, -1, 1, 0, b'0'),
(26, 3, 1, b'0', 0, -1, 1, 0, b'0'),
(26, 4, 3, b'0', 0, -1, 1, 0, b'0'),
(26, 5, 2, b'1', 0, -1, 1, 0, b'0'),
(26, 6, 3, b'0', 0, -1, 1, 0, b'0'),
(26, 7, 2, b'1', 0, -1, 1, 0, b'0'),
(27, 1, 4, b'0', 0, -1, 0, 0, b'0'),
(27, 2, 1, b'0', 0, -1, 0, 0, b'0'),
(27, 3, 2, b'1', 0, -1, 0, 0, b'0'),
(27, 4, 1, b'0', 0, -1, 0, 0, b'0'),
(27, 5, 5, b'1', 0, -1, 0, 0, b'0'),
(27, 6, 2, b'1', 0, -1, 0, 0, b'0'),
(27, 7, 6, b'0', 0, -1, 0, 0, b'0'),
(28, 1, 6, b'0', 0, -1, 1, 0, b'1'),
(28, 2, 2, b'0', 0, -1, 1, 0, b'0'),
(28, 3, 5, b'1', 0, -1, 1, 0, b'0'),
(28, 4, 5, b'0', 0, -1, 1, 0, b'0'),
(28, 5, 2, b'1', 0, -1, 1, 0, b'0'),
(28, 6, 2, b'0', 0, -1, 1, 0, b'0'),
(28, 7, 2, b'1', 0, -1, 1, 0, b'0'),
(29, 1, 2, b'0', 0, -1, 1, 0, b'1'),
(29, 2, 2, b'0', 0, -1, 1, 0, b'0'),
(29, 3, 2, b'0', 0, -1, 1, 0, b'0'),
(29, 4, 2, b'1', 0, -1, 1, 0, b'0'),
(29, 5, 2, b'1', 0, -1, 1, 0, b'0'),
(29, 6, 5, b'1', 0, -1, 1, 0, b'0'),
(29, 7, 6, b'0', 0, -1, 1, 0, b'0'),
(30, 1, 2, b'0', 0, -1, 0, 0, b'0'),
(30, 2, 5, b'1', 0, -1, 0, 0, b'0'),
(30, 3, 5, b'0', 0, -1, 0, 0, b'0'),
(30, 4, 2, b'1', 0, -1, 0, 0, b'0'),
(30, 5, 2, b'0', 0, -1, 0, 0, b'0'),
(30, 6, 6, b'0', 0, -1, 0, 0, b'0'),
(30, 7, 2, b'1', 0, -1, 0, 0, b'0'),
(31, 1, 3, b'0', 0, -1, 0, 0, b'0'),
(31, 2, 5, b'1', 0, -1, 0, 0, b'0'),
(31, 3, 2, b'0', 0, -1, 0, 0, b'0'),
(31, 4, 2, b'0', 0, -1, 0, 0, b'0'),
(31, 5, 2, b'1', 0, -1, 0, 0, b'0'),
(31, 6, 2, b'1', 0, -1, 0, 0, b'0'),
(31, 7, 4, b'0', 0, -1, 0, 0, b'0'),
(32, 1, 2, b'0', 0, -1, 0, 0, b'0'),
(32, 2, 1, b'0', 0, -1, 0, 0, b'0'),
(32, 3, 2, b'1', 0, -1, 0, 0, b'0'),
(32, 4, 5, b'1', 0, -1, 0, 0, b'0'),
(32, 5, 5, b'0', 0, -1, 0, 0, b'0'),
(32, 6, 2, b'1', 0, -1, 0, 0, b'0'),
(32, 7, 6, b'0', 0, -1, 0, 0, b'0'),
(33, 1, 4, b'0', 0, -1, 0, 0, b'0'),
(33, 2, 5, b'1', 0, -1, 0, 0, b'0'),
(33, 3, 4, b'0', 0, -1, 0, 0, b'0'),
(33, 4, 2, b'1', 0, -1, 0, 0, b'0'),
(33, 5, 2, b'0', 0, -1, 0, 0, b'0'),
(33, 6, 2, b'1', 0, -1, 0, 0, b'0'),
(33, 7, 6, b'0', 0, -1, 0, 0, b'0'),
(34, 1, 2, b'1', 0, -1, 0, 0, b'0'),
(34, 2, 5, b'1', 0, -1, 0, 0, b'0'),
(34, 3, 6, b'0', 0, -1, 0, 0, b'0'),
(34, 4, 3, b'0', 0, -1, 0, 0, b'0'),
(34, 5, 3, b'0', 0, -1, 0, 0, b'0'),
(34, 6, 2, b'1', 0, -1, 0, 0, b'0'),
(34, 7, 1, b'0', 0, -1, 0, 0, b'0'),
(35, 1, 2, b'1', 0, -1, 0, 0, b'0'),
(35, 2, 2, b'1', 0, -1, 0, 0, b'0'),
(35, 3, 1, b'0', 0, -1, 0, 0, b'0'),
(35, 4, 6, b'0', 0, -1, 0, 0, b'0'),
(35, 5, 2, b'0', 0, -1, 0, 0, b'0'),
(35, 6, 5, b'0', 0, -1, 0, 0, b'0'),
(35, 7, 5, b'1', 0, -1, 0, 0, b'0'),
(36, 1, 5, b'1', 0, -1, 0, 0, b'0'),
(36, 2, 3, b'0', 0, -1, 0, 0, b'0'),
(36, 3, 5, b'0', 0, -1, 0, 0, b'0'),
(36, 4, 6, b'0', 0, -1, 0, 0, b'0'),
(36, 5, 2, b'0', 0, -1, 0, 0, b'0'),
(36, 6, 2, b'1', 0, -1, 0, 0, b'0'),
(36, 7, 2, b'1', 0, -1, 0, 0, b'0'),
(37, 1, 6, b'0', 0, -1, 0, 0, b'0'),
(37, 2, 2, b'1', 0, -1, 0, 0, b'0'),
(37, 3, 5, b'1', 0, -1, 0, 0, b'0'),
(37, 4, 2, b'1', 0, -1, 0, 0, b'0'),
(37, 5, 3, b'0', 0, -1, 0, 0, b'0'),
(37, 6, 3, b'0', 0, -1, 0, 0, b'0'),
(37, 7, 5, b'0', 0, -1, 0, 0, b'0'),
(38, 1, 1, b'0', 0, -1, 0, 0, b'0'),
(38, 2, 6, b'0', 0, -1, 0, 0, b'0'),
(38, 3, 5, b'1', 0, -1, 0, 0, b'0'),
(38, 4, 2, b'1', 0, -1, 0, 0, b'0'),
(38, 5, 2, b'0', 0, -1, 0, 0, b'0'),
(38, 6, 6, b'0', 0, -1, 0, 0, b'0'),
(38, 7, 2, b'1', 0, -1, 0, 0, b'0'),
(39, 1, 2, b'1', 0, -1, 1, 1, b'1'),
(39, 2, 6, b'0', 0, -1, 1, 1, b'0'),
(39, 3, 6, b'0', 0, -1, 1, 1, b'0'),
(39, 4, 2, b'1', 0, -1, 1, 1, b'0'),
(39, 5, 3, b'0', 0, -1, 1, 1, b'0'),
(39, 6, 3, b'0', 0, -1, 1, 1, b'0'),
(39, 7, 5, b'1', 0, -1, 1, 1, b'0'),
(40, 1, 2, b'0', 0, -1, 0, 0, b'0'),
(40, 2, 2, b'1', 0, -1, 0, 0, b'0'),
(40, 3, 6, b'0', 0, -1, 0, 0, b'0'),
(40, 4, 1, b'0', 0, -1, 0, 0, b'0'),
(40, 5, 5, b'0', 0, -1, 0, 0, b'0'),
(40, 6, 2, b'1', 0, -1, 0, 0, b'0'),
(40, 7, 5, b'1', 0, -1, 0, 0, b'0'),
(41, 1, 4, b'0', 0, -1, 0, 0, b'0'),
(41, 2, 5, b'0', 0, -1, 0, 0, b'0'),
(41, 3, 1, b'0', 0, -1, 0, 0, b'0'),
(41, 4, 5, b'1', 0, -1, 0, 0, b'0'),
(41, 5, 2, b'1', 0, -1, 0, 0, b'0'),
(41, 6, 2, b'1', 0, -1, 0, 0, b'0'),
(41, 7, 2, b'0', 0, -1, 0, 0, b'0'),
(42, 1, 1, b'0', 0, -1, 0, 0, b'0'),
(42, 2, 3, b'0', 0, -1, 0, 0, b'0'),
(42, 3, 2, b'1', 0, -1, 0, 0, b'0'),
(42, 4, 1, b'0', 0, -1, 0, 0, b'0'),
(42, 5, 3, b'0', 0, -1, 0, 0, b'0'),
(42, 6, 2, b'1', 0, -1, 0, 0, b'0'),
(42, 7, 5, b'1', 0, -1, 0, 0, b'0'),
(43, 1, 2, b'1', 0, -1, 1, 1, b'1'),
(43, 2, 1, b'0', 0, -1, 1, 1, b'0'),
(43, 3, 2, b'1', 0, -1, 1, 1, b'0'),
(43, 4, 5, b'1', 0, -1, 1, 1, b'0'),
(43, 5, 2, b'0', 0, -1, 1, 1, b'0'),
(43, 6, 4, b'0', 0, -1, 1, 1, b'0'),
(43, 7, 1, b'0', 0, -1, 1, 1, b'0'),
(44, 1, 2, b'0', 0, -1, 0, 0, b'0'),
(44, 2, 5, b'0', 0, -1, 0, 0, b'0'),
(44, 3, 2, b'1', 0, -1, 0, 0, b'0'),
(44, 4, 5, b'1', 0, -1, 0, 0, b'0'),
(44, 5, 5, b'0', 0, -1, 0, 0, b'0'),
(44, 6, 2, b'0', 0, -1, 0, 0, b'0'),
(44, 7, 5, b'1', 0, -1, 0, 0, b'0'),
(45, 1, 1, b'0', 0, -1, 1, 0, b'1'),
(45, 2, 3, b'0', 0, -1, 1, 0, b'0'),
(45, 3, 5, b'0', 0, -1, 1, 0, b'0'),
(45, 4, 5, b'1', 0, -1, 1, 0, b'0'),
(45, 5, 5, b'1', 0, -1, 1, 0, b'0'),
(45, 6, 5, b'0', 0, -1, 1, 0, b'0'),
(45, 7, 2, b'1', 0, -1, 1, 0, b'0'),
(46, 1, 6, b'0', 0, -1, 0, 0, b'0'),
(46, 2, 5, b'1', 0, -1, 0, 0, b'0'),
(46, 3, 2, b'0', 0, -1, 0, 0, b'0'),
(46, 4, 2, b'1', 0, -1, 0, 0, b'0'),
(46, 5, 2, b'0', 0, -1, 0, 0, b'0'),
(46, 6, 5, b'1', 0, -1, 0, 0, b'0'),
(46, 7, 2, b'0', 0, -1, 0, 0, b'0'),
(47, 1, 1, b'0', 0, -1, 0, 0, b'0'),
(47, 2, 3, b'0', 0, -1, 0, 0, b'0'),
(47, 3, 5, b'1', 0, -1, 0, 0, b'0'),
(47, 4, 2, b'1', 0, -1, 0, 0, b'0'),
(47, 5, 5, b'0', 0, -1, 0, 0, b'0'),
(47, 6, 5, b'1', 0, -1, 0, 0, b'0'),
(47, 7, 1, b'0', 0, -1, 0, 0, b'0'),
(48, 1, 4, b'0', 0, -1, 0, 0, b'0'),
(48, 2, 1, b'0', 0, -1, 0, 0, b'0'),
(48, 3, 2, b'1', 0, -1, 0, 0, b'0'),
(48, 4, 3, b'0', 0, -1, 0, 0, b'0'),
(48, 5, 5, b'1', 0, -1, 0, 0, b'0'),
(48, 6, 4, b'0', 0, -1, 0, 0, b'0'),
(48, 7, 5, b'1', 0, -1, 0, 0, b'0'),
(49, 1, 5, b'1', 0, -1, 0, 0, b'0'),
(49, 2, 6, b'0', 0, -1, 0, 0, b'0'),
(49, 3, 5, b'1', 0, -1, 0, 0, b'0'),
(49, 4, 5, b'0', 0, -1, 0, 0, b'0'),
(49, 5, 2, b'1', 0, -1, 0, 0, b'0'),
(49, 6, 2, b'0', 0, -1, 0, 0, b'0'),
(49, 7, 6, b'0', 0, -1, 0, 0, b'0'),
(50, 1, 2, b'0', 0, -1, 0, 0, b'0'),
(50, 2, 2, b'1', 0, -1, 0, 0, b'0'),
(50, 3, 4, b'0', 0, -1, 0, 0, b'0'),
(50, 4, 5, b'1', 0, -1, 0, 0, b'0'),
(50, 5, 5, b'0', 0, -1, 0, 0, b'0'),
(50, 6, 2, b'0', 0, -1, 0, 0, b'0'),
(50, 7, 5, b'1', 0, -1, 0, 0, b'0'),
(51, 1, 3, b'0', 0, -1, 0, 0, b'0'),
(51, 2, 5, b'1', 0, -1, 0, 0, b'0'),
(51, 3, 5, b'1', 0, -1, 0, 0, b'0'),
(51, 4, 5, b'0', 0, -1, 0, 0, b'0'),
(51, 5, 2, b'0', 0, -1, 0, 0, b'0'),
(51, 6, 2, b'1', 0, -1, 0, 0, b'0'),
(51, 7, 4, b'0', 0, -1, 0, 0, b'0'),
(52, 1, 2, b'1', 0, -1, 0, 0, b'0'),
(52, 2, 4, b'0', 0, -1, 0, 0, b'0'),
(52, 3, 5, b'1', 0, -1, 0, 0, b'0'),
(52, 4, 1, b'0', 0, -1, 0, 0, b'0'),
(52, 5, 5, b'0', 0, -1, 0, 0, b'0'),
(52, 6, 5, b'1', 0, -1, 0, 0, b'0'),
(52, 7, 1, b'0', 0, -1, 0, 0, b'0'),
(53, 1, 2, b'1', 0, -1, 0, 0, b'0'),
(53, 2, 1, b'0', 0, -1, 0, 0, b'0'),
(53, 3, 5, b'1', 0, -1, 0, 0, b'0'),
(53, 4, 1, b'0', 0, -1, 0, 0, b'0'),
(53, 5, 4, b'0', 0, -1, 0, 0, b'0'),
(53, 6, 2, b'0', 0, -1, 0, 0, b'0'),
(53, 7, 5, b'1', 0, -1, 0, 0, b'0'),
(54, 1, 5, b'1', 0, -1, 0, 0, b'0'),
(54, 2, 5, b'0', 0, -1, 0, 0, b'0'),
(54, 3, 3, b'0', 0, -1, 0, 0, b'0'),
(54, 4, 4, b'0', 0, -1, 0, 0, b'0'),
(54, 5, 3, b'0', 0, -1, 0, 0, b'0'),
(54, 6, 2, b'1', 0, -1, 0, 0, b'0'),
(54, 7, 5, b'1', 0, -1, 0, 0, b'0'),
(55, 1, 5, b'1', 0, -1, 0, 0, b'0'),
(55, 2, 3, b'0', 0, -1, 0, 0, b'0'),
(55, 3, 5, b'1', 0, -1, 0, 0, b'0'),
(55, 4, 5, b'0', 0, -1, 0, 0, b'0'),
(55, 5, 2, b'1', 0, -1, 0, 0, b'0'),
(55, 6, 2, b'0', 0, -1, 0, 0, b'0'),
(55, 7, 1, b'0', 0, -1, 0, 0, b'0'),
(56, 1, 5, b'0', 0, -1, 0, 0, b'0'),
(56, 2, 5, b'1', 0, -1, 0, 0, b'0'),
(56, 3, 4, b'0', 0, -1, 0, 0, b'0'),
(56, 4, 2, b'1', 0, -1, 0, 0, b'0'),
(56, 5, 5, b'0', 0, -1, 0, 0, b'0'),
(56, 6, 5, b'0', 0, -1, 0, 0, b'0'),
(56, 7, 2, b'1', 0, -1, 0, 0, b'0'),
(57, 1, 2, b'1', 0, -1, 1, 1, b'1'),
(57, 2, 3, b'0', 0, -1, 1, 1, b'0'),
(57, 3, 5, b'1', 0, -1, 1, 1, b'0'),
(57, 4, 4, b'0', 0, -1, 1, 1, b'0'),
(57, 5, 2, b'0', 0, -1, 1, 1, b'0'),
(57, 6, 4, b'0', 0, -1, 1, 1, b'0'),
(57, 7, 2, b'1', 0, -1, 1, 1, b'0'),
(58, 1, 2, b'1', 0, -1, 1, 1, b'1'),
(58, 2, 2, b'1', 0, -1, 2, 2, b'1'),
(58, 3, 3, b'0', 0, -1, 2, 2, b'0'),
(58, 4, 3, b'0', 0, -1, 2, 2, b'0'),
(58, 5, 3, b'0', 0, -1, 2, 2, b'0'),
(58, 6, 5, b'1', 0, -1, 2, 2, b'0'),
(58, 7, 4, b'0', 0, -1, 2, 2, b'0'),
(60, 1, 5, b'1', 0, -1, 0, 0, b'0'),
(60, 2, 1, b'0', 0, -1, 0, 0, b'0'),
(60, 3, 2, b'1', 0, -1, 0, 0, b'0'),
(60, 4, 6, b'0', 0, -1, 0, 0, b'0'),
(60, 5, 2, b'0', 0, -1, 0, 0, b'0'),
(60, 6, 5, b'0', 0, -1, 0, 0, b'0'),
(60, 7, 2, b'1', 0, -1, 0, 0, b'0'),
(61, 1, 2, b'0', 0, -1, 0, 0, b'0'),
(61, 2, 2, b'0', 0, -1, 0, 0, b'0'),
(61, 3, 2, b'1', 0, -1, 0, 0, b'0'),
(61, 4, 2, b'1', 0, -1, 0, 0, b'0'),
(61, 5, 5, b'0', 0, -1, 0, 0, b'0'),
(61, 6, 3, b'0', 0, -1, 0, 0, b'0'),
(61, 7, 5, b'1', 0, -1, 0, 0, b'0'),
(62, 1, 5, b'1', 0, -1, 0, 0, b'0'),
(62, 2, 1, b'0', 0, -1, 0, 0, b'0'),
(62, 3, 2, b'1', 0, -1, 0, 0, b'0'),
(62, 4, 3, b'0', 0, -1, 0, 0, b'0'),
(62, 5, 2, b'0', 0, -1, 0, 0, b'0'),
(62, 6, 2, b'1', 0, -1, 0, 0, b'0'),
(62, 7, 5, b'0', 0, -1, 0, 0, b'0'),
(63, 1, 3, b'0', 0, -1, 0, 0, b'0'),
(63, 2, 2, b'0', 0, -1, 0, 0, b'0'),
(63, 3, 5, b'0', 0, -1, 0, 0, b'0'),
(63, 4, 2, b'1', 0, -1, 0, 0, b'0'),
(63, 5, 3, b'0', 0, -1, 0, 0, b'0'),
(63, 6, 2, b'1', 0, -1, 0, 0, b'0'),
(63, 7, 5, b'1', 0, -1, 0, 0, b'0'),
(64, 1, 2, b'1', 0, -1, 0, 0, b'0'),
(64, 2, 4, b'0', 0, -1, 0, 0, b'0'),
(64, 3, 2, b'1', 0, -1, 0, 0, b'0'),
(64, 4, 2, b'0', 0, -1, 0, 0, b'0'),
(64, 5, 3, b'0', 0, -1, 0, 0, b'0'),
(64, 6, 5, b'1', 0, -1, 0, 0, b'0'),
(64, 7, 6, b'0', 0, -1, 0, 0, b'0'),
(65, 1, 5, b'1', 0, -1, 0, 0, b'0'),
(65, 2, 6, b'0', 0, -1, 0, 0, b'0'),
(65, 3, 2, b'1', 0, -1, 0, 0, b'0'),
(65, 4, 1, b'0', 0, -1, 0, 0, b'0'),
(65, 5, 4, b'0', 0, -1, 0, 0, b'0'),
(65, 6, 2, b'1', 0, -1, 0, 0, b'0'),
(65, 7, 1, b'0', 0, -1, 0, 0, b'0'),
(66, 1, 2, b'0', 0, -1, 0, 0, b'0'),
(66, 2, 6, b'0', 0, -1, 0, 0, b'0'),
(66, 3, 2, b'1', 0, -1, 0, 0, b'0'),
(66, 4, 3, b'0', 0, -1, 0, 0, b'0'),
(66, 5, 5, b'1', 0, -1, 0, 0, b'0'),
(66, 6, 6, b'0', 0, -1, 0, 0, b'0'),
(66, 7, 2, b'1', 0, -1, 0, 0, b'0'),
(67, 1, 3, b'0', 0, -1, 0, 0, b'0'),
(67, 2, 3, b'0', 0, -1, 0, 0, b'0'),
(67, 3, 3, b'0', 0, -1, 0, 0, b'0'),
(67, 4, 1, b'0', 0, -1, 0, 0, b'0'),
(67, 5, 2, b'1', 0, -1, 0, 0, b'0'),
(67, 6, 5, b'1', 0, -1, 0, 0, b'0'),
(67, 7, 2, b'1', 0, -1, 0, 0, b'0'),
(68, 1, 4, b'0', 0, -1, 0, 0, b'0'),
(68, 2, 5, b'0', 0, -1, 0, 0, b'0'),
(68, 3, 5, b'1', 0, -1, 0, 0, b'0'),
(68, 4, 2, b'0', 0, -1, 0, 0, b'0'),
(68, 5, 2, b'1', 0, -1, 0, 0, b'0'),
(68, 6, 1, b'0', 0, -1, 0, 0, b'0'),
(68, 7, 2, b'1', 0, -1, 0, 0, b'0'),
(69, 1, 3, b'0', 0, -1, 0, 0, b'0'),
(69, 2, 2, b'1', 0, -1, 0, 0, b'0'),
(69, 3, 5, b'0', 0, -1, 0, 0, b'0'),
(69, 4, 2, b'1', 0, -1, 0, 0, b'0'),
(69, 5, 6, b'0', 0, -1, 0, 0, b'0'),
(69, 6, 5, b'1', 0, -1, 0, 0, b'0'),
(69, 7, 6, b'0', 0, -1, 0, 0, b'0'),
(70, 1, 1, b'0', 0, -1, 0, 0, b'0'),
(70, 2, 6, b'0', 0, -1, 0, 0, b'0'),
(70, 3, 2, b'0', 0, -1, 0, 0, b'0'),
(70, 4, 5, b'1', 0, -1, 0, 0, b'0'),
(70, 5, 2, b'1', 0, -1, 0, 0, b'0'),
(70, 6, 1, b'0', 0, -1, 0, 0, b'0'),
(70, 7, 2, b'1', 0, -1, 0, 0, b'0'),
(71, 1, 6, b'0', 0, -1, 0, 0, b'0'),
(71, 2, 2, b'1', 0, -1, 0, 0, b'0'),
(71, 3, 3, b'0', 0, -1, 0, 0, b'0'),
(71, 4, 1, b'0', 0, -1, 0, 0, b'0'),
(71, 5, 2, b'1', 0, -1, 0, 0, b'0'),
(71, 6, 5, b'1', 0, -1, 0, 0, b'0'),
(71, 7, 1, b'0', 0, -1, 0, 0, b'0'),
(72, 1, 2, b'1', 0, -1, 0, 0, b'0'),
(72, 2, 2, b'1', 0, -1, 0, 0, b'0'),
(72, 3, 5, b'0', 0, -1, 0, 0, b'0'),
(72, 4, 5, b'0', 0, -1, 0, 0, b'0'),
(72, 5, 6, b'0', 0, -1, 0, 0, b'0'),
(72, 6, 3, b'0', 0, -1, 0, 0, b'0'),
(72, 7, 5, b'1', 0, -1, 0, 0, b'0'),
(73, 1, 5, b'1', 0, -1, 0, 0, b'0'),
(73, 2, 3, b'0', 0, -1, 0, 0, b'0'),
(73, 3, 3, b'0', 0, -1, 0, 0, b'0'),
(73, 4, 1, b'0', 0, -1, 0, 0, b'0'),
(73, 5, 2, b'1', 0, -1, 0, 0, b'0'),
(73, 6, 2, b'1', 0, -1, 0, 0, b'0'),
(73, 7, 3, b'0', 0, -1, 0, 0, b'0'),
(74, 1, 4, b'0', 0, -1, 0, 0, b'0'),
(74, 2, 2, b'1', 0, -1, 0, 0, b'0'),
(74, 3, 2, b'1', 0, -1, 0, 0, b'0'),
(74, 4, 5, b'1', 0, -1, 0, 0, b'0'),
(74, 5, 6, b'0', 0, -1, 0, 0, b'0'),
(74, 6, 6, b'0', 0, -1, 0, 0, b'0'),
(74, 7, 3, b'0', 0, -1, 0, 0, b'0'),
(75, 1, 1, b'0', 0, -1, 0, 0, b'0'),
(75, 2, 2, b'1', 0, -1, 0, 0, b'0'),
(75, 3, 5, b'0', 0, -1, 0, 0, b'0'),
(75, 4, 6, b'0', 0, -1, 0, 0, b'0'),
(75, 5, 5, b'1', 0, -1, 0, 0, b'0'),
(75, 6, 6, b'0', 0, -1, 0, 0, b'0'),
(75, 7, 2, b'1', 0, -1, 0, 0, b'0'),
(76, 1, 2, b'1', 0, -1, 0, 0, b'0'),
(76, 2, 3, b'0', 0, -1, 0, 0, b'0'),
(76, 3, 2, b'0', 0, -1, 0, 0, b'0'),
(76, 4, 6, b'0', 0, -1, 0, 0, b'0'),
(76, 5, 2, b'1', 0, -1, 0, 0, b'0'),
(76, 6, 5, b'1', 0, -1, 0, 0, b'0'),
(76, 7, 5, b'0', 0, -1, 0, 0, b'0'),
(77, 1, 3, b'0', 0, -1, 0, 0, b'0'),
(77, 2, 4, b'0', 0, -1, 0, 0, b'0'),
(77, 3, 2, b'1', 0, -1, 0, 0, b'0'),
(77, 4, 5, b'1', 0, -1, 0, 0, b'0'),
(77, 5, 5, b'0', 0, -1, 0, 0, b'0'),
(77, 6, 2, b'1', 0, -1, 0, 0, b'0'),
(77, 7, 1, b'0', 0, -1, 0, 0, b'0'),
(78, 1, 2, b'1', 0, -1, 1, 1, b'1'),
(78, 2, 4, b'0', 0, -1, 1, 1, b'0'),
(78, 3, 5, b'1', 0, -1, 1, 1, b'0'),
(78, 4, 2, b'0', 0, -1, 1, 1, b'0'),
(78, 5, 2, b'0', 0, -1, 1, 1, b'0'),
(78, 6, 2, b'1', 0, -1, 1, 1, b'0'),
(78, 7, 5, b'0', 0, -1, 1, 1, b'0'),
(79, 1, 2, b'0', 0, -1, 0, 0, b'0'),
(79, 2, 5, b'1', 0, -1, 0, 0, b'0'),
(79, 3, 2, b'1', 0, -1, 0, 0, b'0'),
(79, 4, 5, b'0', 0, -1, 0, 0, b'0'),
(79, 5, 2, b'1', 0, -1, 0, 0, b'0'),
(79, 6, 1, b'0', 0, -1, 0, 0, b'0'),
(79, 7, 5, b'0', 0, -1, 0, 0, b'0'),
(80, 1, 2, b'0', 0, -1, 0, 0, b'0'),
(80, 2, 3, b'0', 0, -1, 0, 0, b'0'),
(80, 3, 5, b'0', 0, -1, 0, 0, b'0'),
(80, 4, 2, b'1', 0, -1, 0, 0, b'0'),
(80, 5, 5, b'0', 0, -1, 0, 0, b'0'),
(80, 6, 2, b'1', 0, -1, 0, 0, b'0'),
(80, 7, 5, b'1', 0, -1, 0, 0, b'0'),
(81, 1, 6, b'0', 0, -1, 0, 0, b'0'),
(81, 2, 1, b'0', 0, -1, 0, 0, b'0'),
(81, 3, 2, b'1', 0, -1, 0, 0, b'0'),
(81, 4, 2, b'1', 0, -1, 0, 0, b'0'),
(81, 5, 5, b'0', 0, -1, 0, 0, b'0'),
(81, 6, 4, b'0', 0, -1, 0, 0, b'0'),
(81, 7, 5, b'1', 0, -1, 0, 0, b'0'),
(82, 1, 2, b'1', 0, -1, 0, 0, b'0'),
(82, 2, 1, b'0', 0, -1, 0, 0, b'0'),
(82, 3, 4, b'0', 0, -1, 0, 0, b'0'),
(82, 4, 2, b'0', 0, -1, 0, 0, b'0'),
(82, 5, 5, b'0', 0, -1, 0, 0, b'0'),
(82, 6, 2, b'1', 0, -1, 0, 0, b'0'),
(82, 7, 5, b'1', 0, -1, 0, 0, b'0'),
(83, 1, 4, b'0', 0, -1, 0, 0, b'0'),
(83, 2, 4, b'0', 0, -1, 0, 0, b'0'),
(83, 3, 2, b'1', 0, -1, 0, 0, b'0'),
(83, 4, 2, b'1', 0, -1, 0, 0, b'0'),
(83, 5, 5, b'0', 0, -1, 0, 0, b'0'),
(83, 6, 5, b'1', 0, -1, 0, 0, b'0'),
(83, 7, 1, b'0', 0, -1, 0, 0, b'0'),
(84, 1, 2, b'1', 0, -1, 0, 0, b'0'),
(84, 2, 5, b'0', 0, -1, 0, 0, b'0'),
(84, 3, 5, b'0', 0, -1, 0, 0, b'0'),
(84, 4, 2, b'1', 0, -1, 0, 0, b'0'),
(84, 5, 3, b'0', 0, -1, 0, 0, b'0'),
(84, 6, 5, b'1', 0, -1, 0, 0, b'0'),
(84, 7, 6, b'0', 0, -1, 0, 0, b'0'),
(85, 1, 3, b'0', 0, -1, 0, 0, b'0'),
(85, 2, 5, b'1', 0, -1, 0, 0, b'0'),
(85, 3, 2, b'1', 0, -1, 0, 0, b'0'),
(85, 4, 4, b'0', 0, -1, 0, 0, b'0'),
(85, 5, 4, b'0', 0, -1, 0, 0, b'0'),
(85, 6, 1, b'0', 0, -1, 0, 0, b'0'),
(85, 7, 2, b'1', 0, -1, 0, 0, b'0'),
(86, 1, 2, b'0', 0, -1, 0, 0, b'0'),
(86, 2, 5, b'0', 0, -1, 0, 0, b'0'),
(86, 3, 5, b'0', 0, -1, 0, 0, b'0'),
(86, 4, 2, b'1', 0, -1, 0, 0, b'0'),
(86, 5, 5, b'1', 0, -1, 0, 0, b'0'),
(86, 6, 2, b'1', 0, -1, 0, 0, b'0'),
(86, 7, 2, b'0', 0, -1, 0, 0, b'0'),
(87, 1, 3, b'0', 0, -1, 0, 0, b'0'),
(87, 2, 2, b'1', 0, -1, 0, 0, b'0'),
(87, 3, 2, b'1', 0, -1, 0, 0, b'0'),
(87, 4, 5, b'1', 0, -1, 0, 0, b'0'),
(87, 5, 3, b'0', 0, -1, 0, 0, b'0'),
(87, 6, 3, b'0', 0, -1, 0, 0, b'0'),
(87, 7, 4, b'0', 0, -1, 0, 0, b'0'),
(88, 1, 2, b'1', 0, -1, 0, 0, b'0'),
(88, 2, 5, b'0', 0, -1, 0, 0, b'0'),
(88, 3, 5, b'1', 0, -1, 0, 0, b'0'),
(88, 4, 3, b'0', 0, -1, 0, 0, b'0'),
(88, 5, 4, b'0', 0, -1, 0, 0, b'0'),
(88, 6, 2, b'0', 0, -1, 0, 0, b'0'),
(88, 7, 2, b'1', 0, -1, 0, 0, b'0'),
(89, 1, 5, b'1', 0, -1, 0, 0, b'0'),
(89, 2, 2, b'1', 0, -1, 0, 0, b'0'),
(89, 3, 1, b'0', 0, -1, 0, 0, b'0'),
(89, 4, 2, b'1', 0, -1, 0, 0, b'0'),
(89, 5, 3, b'0', 0, -1, 0, 0, b'0'),
(89, 6, 5, b'0', 0, -1, 0, 0, b'0'),
(89, 7, 3, b'0', 0, -1, 0, 0, b'0'),
(90, 1, 2, b'1', 0, -1, 0, 0, b'0'),
(90, 2, 3, b'0', 0, -1, 0, 0, b'0'),
(90, 3, 5, b'1', 0, -1, 0, 0, b'0'),
(90, 4, 3, b'0', 0, -1, 0, 0, b'0'),
(90, 5, 2, b'1', 0, -1, 0, 0, b'0'),
(90, 6, 1, b'0', 0, -1, 0, 0, b'0'),
(90, 7, 5, b'0', 0, -1, 0, 0, b'0'),
(91, 1, 2, b'0', 0, -1, 0, 0, b'0'),
(91, 2, 5, b'0', 0, -1, 0, 0, b'0'),
(91, 3, 5, b'1', 0, -1, 0, 0, b'0'),
(91, 4, 4, b'0', 0, -1, 0, 0, b'0'),
(91, 5, 2, b'1', 0, -1, 0, 0, b'0'),
(91, 6, 3, b'0', 0, -1, 0, 0, b'0'),
(91, 7, 2, b'1', 0, -1, 0, 0, b'0'),
(92, 1, 2, b'1', 0, -1, 0, 0, b'0'),
(92, 2, 4, b'0', 0, -1, 0, 0, b'0'),
(92, 3, 5, b'1', 0, -1, 0, 0, b'0'),
(92, 4, 1, b'0', 0, -1, 0, 0, b'0'),
(92, 5, 4, b'0', 0, -1, 0, 0, b'0'),
(92, 6, 2, b'1', 0, -1, 0, 0, b'0'),
(92, 7, 3, b'0', 0, -1, 0, 0, b'0'),
(93, 1, 9, b'0', 0, -1, 1, 0, b'1'),
(93, 2, 4, b'0', 0, -1, 1, 0, b'0'),
(93, 3, 2, b'1', 0, -1, 1, 0, b'0'),
(93, 4, 2, b'1', 0, -1, 1, 0, b'0'),
(93, 5, 1, b'0', 0, -1, 1, 0, b'0'),
(93, 6, 6, b'0', 0, -1, 1, 0, b'0'),
(93, 7, 5, b'1', 0, -1, 1, 0, b'0'),
(94, 1, 2, b'1', 0, -1, 1, 1, b'1'),
(94, 2, 2, b'1', 0, -1, 1, 1, b'0'),
(94, 3, 4, b'0', 0, -1, 1, 1, b'0'),
(94, 4, 1, b'0', 0, -1, 1, 1, b'0'),
(94, 5, 2, b'0', 0, -1, 1, 1, b'0'),
(94, 6, 5, b'1', 0, -1, 1, 1, b'0'),
(94, 7, 1, b'0', 0, -1, 1, 1, b'0'),
(95, 1, 2, b'1', 0, -1, 0, 0, b'0'),
(95, 2, 4, b'0', 0, -1, 0, 0, b'0'),
(95, 3, 2, b'1', 0, -1, 0, 0, b'0'),
(95, 5, 3, b'0', 0, -1, 0, 0, b'0'),
(95, 6, 5, b'1', 0, -1, 0, 0, b'0'),
(95, 7, 4, b'0', 0, -1, 0, 0, b'0'),
(96, 1, 2, b'1', 0, -1, 1, 1, b'1'),
(96, 2, 2, b'0', 50, 0, 1, 1, b'1'),
(96, 3, 11, b'0', 50, 0, 1, 1, b'0'),
(96, 4, 1, b'0', 50, 0, 1, 1, b'0'),
(96, 5, 5, b'1', 50, 0, 1, 1, b'0'),
(96, 6, 2, b'1', 50, 0, 1, 1, b'0'),
(96, 7, 1, b'0', 50, 0, 1, 1, b'0'),
(97, 1, 5, b'0', 0, -1, 0, 0, b'0'),
(97, 2, 6, b'0', 0, -1, 0, 0, b'0'),
(97, 3, 5, b'0', 0, -1, 0, 0, b'0'),
(97, 4, 2, b'1', 0, -1, 0, 0, b'0'),
(97, 5, 5, b'0', 0, -1, 0, 0, b'0'),
(97, 6, 2, b'1', 0, -1, 0, 0, b'0'),
(97, 7, 5, b'1', 0, -1, 0, 0, b'0'),
(98, 1, 5, b'0', 0, -1, 1, 0, b'1'),
(98, 2, 6, b'0', 0, -1, 2, 0, b'1'),
(98, 3, 5, b'1', 0, -1, 3, 1, b'1'),
(98, 4, 2, b'1', 50, 0, 3, 1, b'1'),
(98, 5, 2, b'1', 50, -1, 4, 2, b'1'),
(98, 6, 9, b'0', 50, -1, 4, 2, b'0'),
(98, 7, 1, b'0', 50, -1, 4, 2, b'0'),
(100, 1, 2, b'1', 50, 0, 0, 0, b'1'),
(100, 2, 5, b'0', 150, 1, 0, 0, b'1'),
(100, 3, 2, b'0', 300, 2, 0, 0, b'1'),
(100, 4, 2, b'1', 500, 3, 0, 0, b'1'),
(100, 5, 5, b'1', 750, 4, 0, 0, b'1'),
(100, 6, 11, b'0', 1050, 5, 0, 0, b'1'),
(100, 7, 6, b'0', 1050, 5, 0, 0, b'0'),
(101, 1, 5, b'1', 0, -1, 1, 1, b'1'),
(101, 2, 2, b'0', 0, -1, 2, 1, b'1'),
(101, 3, 4, b'0', 0, -1, 3, 1, b'1'),
(101, 4, 2, b'1', 0, -1, 4, 2, b'1'),
(101, 5, 2, b'1', 0, -1, 4, 2, b'0'),
(101, 6, 4, b'0', 0, -1, 4, 2, b'0'),
(101, 7, 3, b'0', 0, -1, 4, 2, b'0'),
(102, 1, 1, b'0', 0, -1, 1, 0, b'1'),
(102, 2, 1, b'0', 0, -1, 2, 0, b'1'),
(102, 3, 2, b'1', 50, 0, 2, 0, b'1'),
(102, 4, 2, b'1', 50, -1, 3, 1, b'1'),
(102, 5, 10, b'0', 50, -1, 3, 1, b'0'),
(102, 6, 5, b'0', 50, -1, 3, 1, b'0'),
(102, 7, 5, b'1', 50, -1, 3, 1, b'0'),
(103, 1, 6, b'0', 0, -1, 0, 0, b'0'),
(103, 2, 5, b'1', 0, -1, 0, 0, b'0'),
(103, 3, 2, b'1', 0, -1, 0, 0, b'0'),
(103, 4, 5, b'0', 0, -1, 0, 0, b'0'),
(103, 5, 5, b'1', 0, -1, 0, 0, b'0'),
(103, 6, 1, b'0', 0, -1, 0, 0, b'0'),
(103, 7, 9, b'0', 0, -1, 0, 0, b'0'),
(104, 1, 5, b'1', 0, -1, 1, 1, b'1'),
(104, 2, 2, b'0', 0, -1, 2, 1, b'1'),
(104, 3, 2, b'1', 0, -1, 3, 2, b'1'),
(104, 4, 3, b'0', 0, -1, 4, 2, b'1'),
(104, 5, 6, b'0', 0, -1, 4, 2, b'0'),
(104, 6, 2, b'1', 0, -1, 4, 2, b'0'),
(104, 7, 3, b'0', 0, -1, 4, 2, b'0'),
(105, 1, 5, b'1', 0, -1, 1, 1, b'1'),
(105, 2, 2, b'1', 0, -1, 2, 2, b'1'),
(105, 3, 4, b'0', 0, -1, 3, 2, b'1'),
(105, 4, 2, b'1', 0, -1, 4, 3, b'1'),
(105, 5, 9, b'0', 0, -1, 4, 3, b'0'),
(105, 6, 5, b'0', 0, -1, 4, 3, b'0'),
(105, 7, 1, b'0', 0, -1, 4, 3, b'0'),
(106, 1, 2, b'0', 0, -1, 1, 0, b'1'),
(106, 2, 1, b'0', 0, -1, 2, 0, b'1'),
(106, 3, 2, b'0', 0, -1, 2, 0, b'0'),
(106, 4, 2, b'1', 0, -1, 2, 0, b'0'),
(106, 5, 2, b'1', 0, -1, 2, 0, b'0'),
(106, 6, 5, b'1', 0, -1, 2, 0, b'0'),
(106, 7, 1, b'0', 0, -1, 2, 0, b'0'),
(107, 1, 2, b'1', 0, -1, 0, 0, b'0'),
(107, 2, 4, b'0', 0, -1, 0, 0, b'0'),
(107, 3, 3, b'0', 0, -1, 0, 0, b'0'),
(107, 4, 4, b'0', 0, -1, 0, 0, b'0'),
(107, 5, 2, b'1', 0, -1, 0, 0, b'0'),
(107, 6, 5, b'1', 0, -1, 0, 0, b'0'),
(107, 7, 5, b'0', 0, -1, 0, 0, b'0'),
(108, 1, 5, b'1', 0, -1, 1, 1, b'1'),
(108, 2, 3, b'0', 0, -1, 1, 1, b'0'),
(108, 3, 2, b'1', 0, -1, 1, 1, b'0'),
(108, 4, 4, b'0', 0, -1, 1, 1, b'0'),
(108, 5, 6, b'0', 0, -1, 1, 1, b'0'),
(108, 6, 2, b'1', 0, -1, 1, 1, b'0'),
(108, 7, 2, b'0', 0, -1, 1, 1, b'0'),
(109, 1, 2, b'1', 0, -1, 0, 0, b'0'),
(109, 2, 2, b'1', 0, -1, 0, 0, b'0'),
(109, 3, 6, b'0', 0, -1, 0, 0, b'0'),
(109, 4, 3, b'0', 0, -1, 0, 0, b'0'),
(109, 5, 4, b'0', 0, -1, 0, 0, b'0'),
(109, 6, 5, b'1', 0, -1, 0, 0, b'0'),
(109, 7, 4, b'0', 0, -1, 0, 0, b'0'),
(110, 1, 5, b'1', 0, -1, 1, 1, b'1'),
(110, 2, 5, b'0', 0, -1, 2, 1, b'1'),
(110, 3, 2, b'0', 0, -1, 3, 1, b'1'),
(110, 4, 6, b'0', 0, -1, 3, 1, b'0'),
(110, 5, 2, b'1', 0, -1, 3, 1, b'0'),
(110, 6, 10, b'0', 0, -1, 3, 1, b'0'),
(110, 7, 2, b'1', 0, -1, 3, 1, b'0'),
(111, 1, 2, b'1', 0, -1, 1, 1, b'1'),
(111, 2, 3, b'0', 0, -1, 1, 1, b'0'),
(111, 3, 9, b'0', 0, -1, 1, 1, b'0'),
(111, 4, 2, b'1', 0, -1, 1, 1, b'0'),
(111, 5, 3, b'0', 0, -1, 1, 1, b'0'),
(111, 6, 4, b'0', 0, -1, 1, 1, b'0'),
(111, 7, 2, b'1', 0, -1, 1, 1, b'0'),
(112, 1, 1, b'0', 0, -1, 1, 0, b'1'),
(112, 2, 2, b'0', 0, -1, 2, 0, b'1'),
(112, 3, 5, b'1', 0, -1, 2, 0, b'0'),
(112, 4, 2, b'1', 0, -1, 2, 0, b'0'),
(112, 5, 2, b'0', 0, -1, 2, 0, b'0'),
(112, 6, 2, b'1', 0, -1, 2, 0, b'0'),
(112, 7, 6, b'0', 0, -1, 2, 0, b'0'),
(113, 1, 2, b'1', 0, -1, 0, 0, b'0'),
(113, 2, 1, b'0', 0, -1, 0, 0, b'0'),
(113, 3, 5, b'1', 0, -1, 0, 0, b'0'),
(113, 4, 3, b'0', 0, -1, 0, 0, b'0'),
(113, 5, 2, b'0', 0, -1, 0, 0, b'0'),
(113, 6, 2, b'1', 0, -1, 0, 0, b'0'),
(113, 7, 4, b'0', 0, -1, 0, 0, b'0'),
(114, 1, 3, b'0', 0, -1, 0, 0, b'0'),
(114, 2, 2, b'1', 0, -1, 0, 0, b'0'),
(114, 3, 5, b'1', 0, -1, 0, 0, b'0'),
(114, 4, 2, b'1', 0, -1, 0, 0, b'0'),
(114, 5, 2, b'0', 0, -1, 0, 0, b'0'),
(114, 6, 9, b'0', 0, -1, 0, 0, b'0'),
(114, 7, 5, b'0', 0, -1, 0, 0, b'0'),
(115, 1, 4, b'0', 0, -1, 0, 0, b'0'),
(115, 2, 5, b'0', 0, -1, 0, 0, b'0'),
(115, 3, 5, b'1', 0, -1, 0, 0, b'0'),
(115, 4, 2, b'1', 0, -1, 0, 0, b'0'),
(115, 5, 11, b'0', 0, -1, 0, 0, b'0'),
(115, 6, 2, b'1', 0, -1, 0, 0, b'0'),
(115, 7, 2, b'0', 0, -1, 0, 0, b'0'),
(116, 1, 2, b'1', 0, -1, 0, 0, b'0'),
(116, 2, 12, b'0', 0, -1, 0, 0, b'0'),
(116, 3, 2, b'0', 0, -1, 0, 0, b'0'),
(116, 4, 3, b'0', 0, -1, 0, 0, b'0'),
(116, 5, 2, b'1', 0, -1, 0, 0, b'0'),
(116, 6, 4, b'0', 0, -1, 0, 0, b'0'),
(116, 7, 5, b'1', 0, -1, 0, 0, b'0'),
(117, 1, 2, b'0', 0, -1, 0, 0, b'0'),
(117, 2, 5, b'0', 0, -1, 0, 0, b'0'),
(117, 3, 6, b'0', 0, -1, 0, 0, b'0'),
(117, 4, 2, b'1', 0, -1, 0, 0, b'0'),
(117, 5, 6, b'0', 0, -1, 0, 0, b'0'),
(117, 6, 2, b'1', 0, -1, 0, 0, b'0'),
(117, 7, 5, b'1', 0, -1, 0, 0, b'0'),
(118, 1, 2, b'1', 0, -1, 1, 1, b'1'),
(118, 2, 2, b'1', 0, -1, 2, 2, b'1'),
(118, 3, 9, b'0', 0, -1, 3, 2, b'1'),
(118, 4, 2, b'0', 0, -1, 4, 2, b'1'),
(118, 5, 5, b'0', 0, -1, 4, 2, b'0'),
(118, 6, 5, b'1', 0, -1, 4, 2, b'0'),
(118, 7, 3, b'0', 0, -1, 4, 2, b'0'),
(119, 1, 6, b'0', 0, -1, 0, 0, b'0'),
(119, 2, 5, b'0', 0, -1, 0, 0, b'0'),
(119, 3, 6, b'0', 0, -1, 0, 0, b'0'),
(119, 4, 5, b'1', 0, -1, 0, 0, b'0'),
(119, 5, 5, b'1', 0, -1, 0, 0, b'0'),
(119, 6, 2, b'1', 0, -1, 0, 0, b'0'),
(119, 7, 3, b'0', 0, -1, 0, 0, b'0'),
(120, 1, 5, b'1', 0, -1, 0, 0, b'0'),
(120, 2, 5, b'0', 0, -1, 0, 0, b'0'),
(120, 3, 1, b'0', 0, -1, 0, 0, b'0'),
(120, 4, 5, b'1', 0, -1, 0, 0, b'0'),
(120, 5, 3, b'0', 0, -1, 0, 0, b'0'),
(120, 6, 2, b'1', 0, -1, 0, 0, b'0'),
(120, 7, 1, b'0', 0, -1, 0, 0, b'0'),
(121, 1, 1, b'0', 0, -1, 1, 0, b'1'),
(121, 2, 5, b'1', 0, -1, 1, 0, b'0'),
(121, 3, 2, b'0', 0, -1, 1, 0, b'0'),
(121, 4, 5, b'1', 0, -1, 1, 0, b'0'),
(121, 5, 6, b'0', 0, -1, 1, 0, b'0'),
(121, 6, 6, b'0', 0, -1, 1, 0, b'0'),
(121, 7, 2, b'1', 0, -1, 1, 0, b'0'),
(122, 1, 4, b'0', 0, -1, 0, 0, b'0'),
(122, 2, 5, b'1', 0, -1, 0, 0, b'0'),
(122, 3, 2, b'0', 0, -1, 0, 0, b'0'),
(122, 4, 2, b'1', 0, -1, 0, 0, b'0'),
(122, 5, 1, b'0', 0, -1, 0, 0, b'0'),
(122, 6, 6, b'0', 0, -1, 0, 0, b'0'),
(122, 7, 5, b'1', 0, -1, 0, 0, b'0'),
(123, 1, 5, b'1', 0, -1, 0, 0, b'0'),
(123, 2, 2, b'1', 0, -1, 0, 0, b'0'),
(123, 3, 6, b'0', 0, -1, 0, 0, b'0'),
(123, 4, 1, b'0', 0, -1, 0, 0, b'0'),
(123, 5, 4, b'0', 0, -1, 0, 0, b'0'),
(123, 6, 5, b'1', 0, -1, 0, 0, b'0'),
(123, 7, 6, b'0', 0, -1, 0, 0, b'0'),
(124, 1, 6, b'0', 0, -1, 0, 0, b'0'),
(124, 2, 6, b'0', 0, -1, 0, 0, b'0'),
(124, 3, 5, b'1', 0, -1, 0, 0, b'0'),
(124, 4, 2, b'1', 0, -1, 0, 0, b'0'),
(124, 5, 6, b'0', 0, -1, 0, 0, b'0'),
(124, 6, 5, b'1', 0, -1, 0, 0, b'0'),
(124, 7, 2, b'0', 0, -1, 0, 0, b'0'),
(125, 1, 4, b'0', 50, 0, 0, 0, b'1'),
(125, 2, 2, b'0', 150, 1, 0, 0, b'1'),
(125, 3, 2, b'1', 150, -1, 1, 1, b'1'),
(125, 4, 5, b'1', 150, -1, 2, 2, b'1'),
(125, 5, 2, b'0', 150, -1, 2, 2, b'0'),
(125, 6, 2, b'1', 150, -1, 2, 2, b'0'),
(125, 7, 6, b'0', 150, -1, 2, 2, b'0'),
(126, 1, 2, b'1', 0, -1, 1, 1, b'1'),
(126, 2, 5, b'1', 0, -1, 2, 2, b'1'),
(126, 3, 5, b'0', 0, -1, 3, 2, b'1'),
(126, 4, 2, b'1', 0, -1, 4, 3, b'1'),
(126, 5, 2, b'0', 0, -1, 4, 3, b'0'),
(126, 6, 5, b'0', 0, -1, 4, 3, b'0'),
(126, 7, 4, b'0', 0, -1, 4, 3, b'0'),
(127, 1, 6, b'0', 0, -1, 1, 0, b'1'),
(127, 2, 5, b'0', 0, -1, 2, 0, b'1'),
(127, 3, 5, b'1', 0, -1, 3, 1, b'1'),
(127, 4, 2, b'1', 0, -1, 4, 2, b'1'),
(127, 5, 2, b'1', 0, -1, 5, 3, b'1'),
(127, 6, 6, b'0', 0, -1, 6, 3, b'1'),
(127, 7, 11, b'0', 0, -1, 7, 3, b'1'),
(128, 1, 2, b'0', 0, -1, 0, 0, b'0'),
(128, 2, 5, b'0', 0, -1, 0, 0, b'0'),
(128, 3, 6, b'0', 0, -1, 0, 0, b'0'),
(128, 4, 6, b'0', 0, -1, 0, 0, b'0'),
(128, 5, 2, b'1', 0, -1, 0, 0, b'0'),
(128, 6, 2, b'1', 0, -1, 0, 0, b'0'),
(128, 7, 5, b'1', 0, -1, 0, 0, b'0'),
(129, 1, 2, b'0', 50, 0, 0, 0, b'1'),
(129, 2, 6, b'0', 50, 0, 0, 0, b'0'),
(129, 3, 4, b'0', 50, 0, 0, 0, b'0'),
(129, 4, 5, b'1', 50, 0, 0, 0, b'0'),
(129, 5, 3, b'0', 50, 0, 0, 0, b'0'),
(129, 6, 2, b'1', 50, 0, 0, 0, b'0'),
(129, 7, 2, b'1', 50, 0, 0, 0, b'0'),
(130, 1, 6, b'0', 0, -1, 1, 0, b'1'),
(130, 2, 3, b'0', 0, -1, 2, 0, b'1'),
(130, 3, 10, b'0', 0, -1, 2, 0, b'0'),
(130, 4, 4, b'0', 0, -1, 2, 0, b'0'),
(130, 5, 2, b'1', 0, -1, 2, 0, b'0'),
(130, 6, 2, b'1', 0, -1, 2, 0, b'0'),
(130, 7, 5, b'1', 0, -1, 2, 0, b'0'),
(131, 1, 6, b'0', 0, -1, 0, 0, b'0'),
(131, 2, 4, b'0', 0, -1, 0, 0, b'0'),
(131, 3, 2, b'1', 0, -1, 0, 0, b'0'),
(131, 4, 1, b'0', 0, -1, 0, 0, b'0'),
(131, 5, 2, b'1', 0, -1, 0, 0, b'0'),
(131, 6, 5, b'1', 0, -1, 0, 0, b'0'),
(131, 7, 1, b'0', 0, -1, 0, 0, b'0'),
(132, 1, 2, b'0', 0, -1, 0, 0, b'0'),
(132, 2, 5, b'1', 0, -1, 0, 0, b'0'),
(132, 3, 1, b'0', 0, -1, 0, 0, b'0'),
(132, 4, 2, b'1', 0, -1, 0, 0, b'0'),
(132, 5, 2, b'1', 0, -1, 0, 0, b'0'),
(132, 6, 1, b'0', 0, -1, 0, 0, b'0'),
(132, 7, 6, b'0', 0, -1, 0, 0, b'0'),
(133, 1, 1, b'0', 0, -1, 0, 0, b'0'),
(133, 2, 11, b'0', 0, -1, 0, 0, b'0'),
(133, 3, 5, b'1', 0, -1, 0, 0, b'0'),
(133, 4, 2, b'1', 0, -1, 0, 0, b'0'),
(133, 5, 2, b'1', 0, -1, 0, 0, b'0'),
(133, 6, 6, b'0', 0, -1, 0, 0, b'0'),
(133, 7, 4, b'0', 0, -1, 0, 0, b'0'),
(134, 1, 5, b'1', 0, -1, 1, 1, b'1'),
(134, 2, 5, b'0', 50, 0, 1, 1, b'1'),
(134, 3, 2, b'1', 50, -1, 2, 2, b'1'),
(134, 4, 6, b'0', 50, -1, 3, 2, b'1'),
(134, 5, 5, b'0', 50, -1, 4, 2, b'1'),
(134, 6, 2, b'0', 50, -1, 4, 2, b'0'),
(134, 7, 2, b'1', 50, -1, 4, 2, b'0'),
(135, 1, 4, b'0', 0, -1, 1, 0, b'1'),
(135, 2, 3, b'0', 50, 0, 1, 0, b'1'),
(135, 3, 4, b'0', 150, 1, 1, 0, b'1'),
(135, 4, 2, b'1', 150, -1, 2, 1, b'1'),
(135, 5, 5, b'1', 150, -1, 3, 2, b'1'),
(135, 6, 2, b'1', 150, -1, 4, 3, b'1'),
(135, 7, 12, b'0', 150, -1, 4, 3, b'0'),
(136, 1, 11, b'0', 0, -1, 0, 0, b'0'),
(136, 2, 5, b'0', 0, -1, 0, 0, b'0'),
(136, 3, 2, b'1', 0, -1, 0, 0, b'0'),
(136, 4, 3, b'0', 0, -1, 0, 0, b'0'),
(136, 5, 2, b'1', 0, -1, 0, 0, b'0'),
(136, 6, 5, b'1', 0, -1, 0, 0, b'0'),
(136, 7, 2, b'0', 0, -1, 0, 0, b'0'),
(137, 1, 2, b'1', 0, -1, 0, 0, b'0'),
(137, 2, 4, b'0', 0, -1, 0, 0, b'0'),
(137, 3, 2, b'1', 0, -1, 0, 0, b'0'),
(137, 4, 10, b'0', 0, -1, 0, 0, b'0'),
(137, 5, 5, b'1', 0, -1, 0, 0, b'0'),
(137, 6, 2, b'0', 0, -1, 0, 0, b'0'),
(137, 7, 5, b'0', 0, -1, 0, 0, b'0'),
(138, 1, 4, b'0', 0, -1, 1, 0, b'1'),
(138, 2, 12, b'0', 0, -1, 1, 0, b'0'),
(138, 3, 2, b'1', 0, -1, 1, 0, b'0'),
(138, 4, 4, b'0', 0, -1, 1, 0, b'0'),
(138, 5, 5, b'1', 0, -1, 1, 0, b'0'),
(138, 6, 5, b'0', 0, -1, 1, 0, b'0'),
(138, 7, 2, b'1', 0, -1, 1, 0, b'0'),
(139, 1, 1, b'0', 0, -1, 0, 0, b'0'),
(139, 2, 5, b'1', 0, -1, 0, 0, b'0'),
(139, 3, 1, b'0', 0, -1, 0, 0, b'0'),
(139, 4, 4, b'0', 0, -1, 0, 0, b'0'),
(139, 5, 2, b'0', 0, -1, 0, 0, b'0'),
(139, 6, 2, b'1', 0, -1, 0, 0, b'0'),
(139, 7, 2, b'1', 0, -1, 0, 0, b'0'),
(140, 1, 2, b'1', 0, -1, 0, 0, b'0'),
(140, 2, 2, b'0', 0, -1, 0, 0, b'0'),
(140, 3, 2, b'1', 0, -1, 0, 0, b'0'),
(140, 4, 3, b'0', 0, -1, 0, 0, b'0'),
(140, 5, 5, b'0', 0, -1, 0, 0, b'0'),
(140, 6, 5, b'1', 0, -1, 0, 0, b'0'),
(140, 7, 12, b'0', 0, -1, 0, 0, b'0'),
(141, 1, 2, b'1', 0, -1, 0, 0, b'0'),
(141, 2, 2, b'0', 0, -1, 0, 0, b'0'),
(141, 3, 2, b'1', 0, -1, 0, 0, b'0'),
(141, 4, 5, b'1', 0, -1, 0, 0, b'0'),
(141, 5, 4, b'0', 0, -1, 0, 0, b'0'),
(141, 6, 2, b'0', 0, -1, 0, 0, b'0'),
(141, 7, 6, b'0', 0, -1, 0, 0, b'0'),
(142, 1, 2, b'1', 0, -1, 0, 0, b'0'),
(142, 2, 9, b'0', 0, -1, 0, 0, b'0'),
(142, 3, 5, b'1', 0, -1, 0, 0, b'0'),
(142, 4, 2, b'0', 0, -1, 0, 0, b'0'),
(142, 5, 2, b'1', 0, -1, 0, 0, b'0'),
(142, 6, 6, b'0', 0, -1, 0, 0, b'0'),
(142, 7, 5, b'0', 0, -1, 0, 0, b'0'),
(143, 1, 4, b'0', 50, 0, 0, 0, b'1'),
(143, 2, 5, b'0', 50, -1, 1, 0, b'1'),
(143, 3, 2, b'1', 50, -1, 2, 1, b'1'),
(143, 4, 5, b'1', 50, -1, 3, 2, b'1'),
(143, 5, 2, b'1', 50, -1, 4, 3, b'1'),
(143, 6, 3, b'0', 50, -1, 5, 3, b'1'),
(143, 7, 2, b'0', 50, -1, 5, 3, b'0'),
(144, 1, 6, b'0', 0, -1, 0, 0, b'0'),
(144, 2, 11, b'0', 0, -1, 0, 0, b'0'),
(144, 3, 2, b'1', 0, -1, 0, 0, b'0'),
(144, 4, 5, b'0', 0, -1, 0, 0, b'0'),
(144, 5, 2, b'1', 0, -1, 0, 0, b'0'),
(144, 6, 5, b'0', 0, -1, 0, 0, b'0'),
(144, 7, 5, b'1', 0, -1, 0, 0, b'0'),
(145, 1, 1, b'0', 50, 0, 0, 0, b'1'),
(145, 2, 5, b'1', 50, -1, 1, 1, b'1'),
(145, 3, 2, b'1', 50, -1, 2, 2, b'1'),
(145, 4, 6, b'0', 50, -1, 3, 2, b'1'),
(145, 5, 2, b'0', 50, -1, 4, 2, b'1'),
(145, 6, 2, b'1', 50, -1, 5, 3, b'1'),
(145, 7, 10, b'0', 50, -1, 5, 3, b'0'),
(146, 1, 2, b'1', 0, -1, 1, 1, b'1'),
(146, 2, 2, b'1', 0, -1, 2, 2, b'1'),
(146, 3, 6, b'0', 0, -1, 2, 2, b'0'),
(146, 4, 3, b'0', 0, -1, 2, 2, b'0'),
(146, 5, 5, b'1', 0, -1, 2, 2, b'0'),
(146, 6, 2, b'0', 0, -1, 2, 2, b'0'),
(146, 7, 2, b'0', 0, -1, 2, 2, b'0'),
(147, 1, 1, b'0', 50, 0, 0, 0, b'1'),
(147, 2, 2, b'0', 50, -1, 1, 0, b'1'),
(147, 3, 4, b'0', 100, 0, 1, 0, b'1'),
(147, 4, 5, b'1', 100, -1, 2, 1, b'1'),
(147, 5, 2, b'1', 100, -1, 3, 2, b'1'),
(147, 6, 5, b'1', 100, -1, 4, 3, b'1'),
(147, 7, 2, b'0', 100, -1, 4, 3, b'0'),
(149, 1, 2, b'1', 0, -1, 1, 1, b'1'),
(149, 2, 2, b'0', 50, 0, 1, 1, b'1'),
(149, 3, 4, b'0', 50, -1, 2, 1, b'1'),
(149, 4, 11, b'0', 50, -1, 3, 1, b'1'),
(149, 5, 2, b'1', 50, -1, 3, 1, b'0'),
(149, 6, 5, b'0', 50, -1, 3, 1, b'0'),
(149, 7, 5, b'1', 50, -1, 3, 1, b'0'),
(150, 1, 1, b'0', 50, 0, 0, 0, b'1'),
(150, 2, 3, b'0', 50, -1, 1, 0, b'1'),
(150, 3, 10, b'0', 50, -1, 1, 0, b'0'),
(150, 4, 2, b'1', 50, -1, 1, 0, b'0'),
(150, 5, 2, b'0', 50, -1, 1, 0, b'0'),
(150, 6, 2, b'1', 50, -1, 1, 0, b'0'),
(150, 7, 5, b'1', 50, -1, 1, 0, b'0'),
(151, 1, 1, b'0', 0, -1, 1, 0, b'1'),
(151, 2, 6, b'0', 50, 0, 1, 0, b'1'),
(151, 3, 2, b'1', 50, -1, 2, 1, b'1'),
(151, 4, 5, b'1', 50, -1, 3, 2, b'1'),
(151, 5, 6, b'0', 50, -1, 3, 2, b'0'),
(151, 6, 2, b'1', 50, -1, 3, 2, b'0'),
(151, 7, 5, b'0', 50, -1, 3, 2, b'0'),
(152, 1, 12, b'0', 0, -1, 0, 0, b'0'),
(152, 2, 2, b'0', 0, -1, 0, 0, b'0'),
(152, 3, 5, b'1', 0, -1, 0, 0, b'0'),
(152, 4, 2, b'1', 0, -1, 0, 0, b'0'),
(152, 5, 2, b'1', 0, -1, 0, 0, b'0'),
(152, 6, 1, b'0', 0, -1, 0, 0, b'0'),
(152, 7, 4, b'0', 0, -1, 0, 0, b'0'),
(153, 1, 5, b'0', 0, -1, 1, 0, b'1'),
(153, 2, 2, b'1', 0, -1, 2, 1, b'1'),
(153, 3, 2, b'0', 0, -1, 3, 1, b'1'),
(153, 4, 2, b'1', 0, -1, 4, 2, b'1'),
(153, 5, 10, b'0', 0, -1, 5, 2, b'1'),
(153, 6, 5, b'0', 0, -1, 5, 2, b'0'),
(153, 7, 5, b'1', 0, -1, 5, 2, b'0'),
(154, 1, 2, b'1', 0, -1, 1, 1, b'1'),
(154, 2, 2, b'0', 0, -1, 2, 1, b'1'),
(154, 3, 2, b'0', 0, -1, 3, 1, b'1'),
(154, 4, 12, b'0', 0, -1, 4, 1, b'1'),
(154, 5, 4, b'0', 0, -1, 4, 1, b'0'),
(154, 6, 5, b'1', 0, -1, 4, 1, b'0'),
(154, 7, 2, b'1', 0, -1, 4, 1, b'0'),
(155, 1, 5, b'1', 50, 0, 0, 0, b'1'),
(155, 2, 2, b'1', 50, -1, 1, 1, b'1'),
(155, 3, 2, b'1', 50, -1, 2, 2, b'1'),
(155, 4, 2, b'0', 50, -1, 3, 2, b'1'),
(155, 5, 2, b'0', 50, -1, 4, 2, b'1'),
(155, 6, 9, b'0', 100, 0, 4, 2, b'1'),
(155, 7, 6, b'0', 100, 0, 4, 2, b'0'),
(156, 1, 2, b'1', 0, -1, 1, 1, b'1'),
(156, 2, 1, b'0', 50, 0, 1, 1, b'1'),
(156, 3, 4, b'0', 50, -1, 2, 1, b'1'),
(156, 4, 6, b'0', 50, -1, 3, 1, b'1'),
(156, 5, 2, b'0', 50, -1, 3, 1, b'0'),
(156, 6, 2, b'1', 50, -1, 3, 1, b'0'),
(156, 7, 5, b'1', 50, -1, 3, 1, b'0'),
(157, 1, 2, b'0', 0, -1, 0, 0, b'0'),
(157, 2, 6, b'0', 0, -1, 0, 0, b'0'),
(157, 3, 5, b'1', 0, -1, 0, 0, b'0'),
(157, 4, 3, b'0', 0, -1, 0, 0, b'0'),
(157, 5, 2, b'1', 0, -1, 0, 0, b'0'),
(157, 6, 2, b'1', 0, -1, 0, 0, b'0'),
(157, 7, 5, b'0', 0, -1, 0, 0, b'0'),
(158, 1, 5, b'0', 0, -1, 1, 0, b'1'),
(158, 2, 12, b'0', 0, -1, 1, 0, b'0'),
(158, 3, 2, b'1', 0, -1, 1, 0, b'0'),
(158, 4, 3, b'0', 0, -1, 1, 0, b'0'),
(158, 5, 5, b'1', 0, -1, 1, 0, b'0'),
(158, 6, 2, b'1', 0, -1, 1, 0, b'0'),
(158, 7, 1, b'0', 0, -1, 1, 0, b'0'),
(159, 1, 12, b'0', 0, -1, 0, 0, b'0'),
(159, 2, 4, b'0', 0, -1, 0, 0, b'0'),
(159, 3, 1, b'0', 0, -1, 0, 0, b'0'),
(159, 4, 2, b'1', 0, -1, 0, 0, b'0'),
(159, 5, 2, b'1', 0, -1, 0, 0, b'0'),
(159, 6, 6, b'0', 0, -1, 0, 0, b'0'),
(159, 7, 5, b'1', 0, -1, 0, 0, b'0'),
(160, 1, 5, b'1', 0, -1, 1, 1, b'1'),
(160, 2, 2, b'1', 0, -1, 2, 2, b'1'),
(160, 3, 1, b'0', 50, 0, 2, 2, b'1'),
(160, 4, 6, b'0', 50, -1, 3, 2, b'1'),
(160, 5, 2, b'1', 50, -1, 4, 3, b'1'),
(160, 6, 3, b'0', 50, -1, 5, 3, b'1'),
(160, 7, 3, b'0', 50, -1, 6, 3, b'1'),
(161, 1, 2, b'1', 0, -1, 1, 1, b'1'),
(161, 2, 5, b'1', 0, -1, 2, 2, b'1'),
(161, 3, 1, b'0', 50, 0, 2, 2, b'1'),
(161, 4, 2, b'1', 50, -1, 3, 3, b'1'),
(161, 5, 3, b'0', 50, -1, 4, 3, b'1'),
(161, 6, 6, b'0', 50, -1, 5, 3, b'1'),
(161, 7, 2, b'0', 50, -1, 6, 3, b'1'),
(163, 1, 5, b'0', 0, -1, 1, 0, b'1'),
(163, 2, 2, b'1', 0, -1, 2, 1, b'1'),
(163, 3, 2, b'0', 0, -1, 3, 1, b'1'),
(163, 4, 4, b'0', 0, -1, 4, 1, b'1'),
(163, 5, 6, b'0', 0, -1, 5, 1, b'1'),
(163, 6, 2, b'1', 0, -1, 6, 2, b'1'),
(163, 7, 5, b'1', 0, -1, 7, 3, b'1'),
(164, 1, 5, b'1', 0, -1, 1, 1, b'1'),
(164, 2, 1, b'0', 0, -1, 2, 1, b'1'),
(164, 3, 2, b'1', 0, -1, 3, 2, b'1'),
(164, 4, 2, b'0', 0, -1, 4, 2, b'1'),
(164, 5, 2, b'1', 50, 0, 4, 2, b'1'),
(164, 6, 2, b'0', 50, -1, 5, 2, b'1'),
(164, 7, 5, b'0', 50, -1, 6, 2, b'1'),
(165, 1, 14, b'0', 0, -1, 0, 0, b'0'),
(165, 2, 3, b'0', 0, -1, 0, 0, b'0'),
(165, 3, 2, b'1', 0, -1, 0, 0, b'0'),
(165, 4, 5, b'1', 0, -1, 0, 0, b'0'),
(165, 5, 2, b'1', 0, -1, 0, 0, b'0'),
(165, 6, 3, b'0', 0, -1, 0, 0, b'0'),
(165, 7, 10, b'0', 0, -1, 0, 0, b'0'),
(166, 1, 2, b'1', 50, 0, 0, 0, b'1'),
(166, 2, 4, b'0', 50, -1, 1, 0, b'1'),
(166, 3, 14, b'0', 50, -1, 2, 0, b'1'),
(166, 4, 2, b'1', 100, 0, 2, 0, b'1'),
(166, 5, 3, b'0', 100, 0, 2, 0, b'0'),
(166, 6, 5, b'1', 100, 0, 2, 0, b'0'),
(166, 7, 6, b'0', 100, 0, 2, 0, b'0'),
(167, 1, 5, b'1', 0, -1, 0, 0, b'0'),
(167, 2, 2, b'1', 0, -1, 0, 0, b'0'),
(167, 3, 5, b'1', 0, -1, 0, 0, b'0'),
(167, 4, 1, b'0', 0, -1, 0, 0, b'0'),
(167, 5, 4, b'0', 0, -1, 0, 0, b'0'),
(167, 6, 9, b'0', 0, -1, 0, 0, b'0'),
(167, 7, 5, b'0', 0, -1, 0, 0, b'0'),
(168, 1, 2, b'1', 0, -1, 1, 1, b'1'),
(168, 6, 5, b'1', 0, -1, 1, 1, b'0'),
(168, 7, 2, b'1', 0, -1, 1, 1, b'0'),
(169, 1, 2, b'1', 0, -1, 1, 1, b'1'),
(169, 2, 5, b'1', 0, -1, 2, 2, b'1'),
(169, 3, 2, b'1', 0, -1, 3, 3, b'1'),
(169, 5, 18, b'0', 0, -1, 3, 3, b'0'),
(169, 7, 13, b'0', 0, -1, 3, 3, b'0'),
(170, 1, 11, b'0', 0, -1, 1, 0, b'1'),
(170, 2, 2, b'1', 0, -1, 2, 1, b'1'),
(170, 3, 2, b'1', 50, 0, 2, 1, b'1'),
(170, 4, 5, b'1', 50, -1, 3, 2, b'1'),
(170, 5, 22, b'0', 50, -1, 4, 2, b'1'),
(170, 6, 6, b'0', 50, -1, 5, 2, b'1'),
(170, 7, 14, b'0', 100, 0, 5, 2, b'1'),
(171, 1, 5, b'1', 0, -1, 1, 1, b'1'),
(171, 2, 6, b'0', 50, 0, 1, 1, b'1'),
(171, 3, 60, b'0', 150, 1, 1, 1, b'1'),
(171, 4, 2, b'1', 150, -1, 2, 2, b'1'),
(171, 5, 2, b'1', 150, -1, 3, 3, b'1'),
(171, 6, 9, b'0', 150, -1, 3, 3, b'0'),
(171, 7, 31, b'0', 150, -1, 3, 3, b'0');

-- --------------------------------------------------------

--
-- Struttura della tabella `user`
--

CREATE TABLE `user` (
  `idUser` int(16) NOT NULL,
  `firstName` varchar(256) NOT NULL,
  `lastName` varchar(256) NOT NULL,
  `life_play` int(11) NOT NULL DEFAULT '0',
  `idSocial` varchar(256) NOT NULL,
  `social` varchar(256) NOT NULL,
  `name` varchar(256) DEFAULT NULL,
  `cover` varchar(256) DEFAULT NULL,
  `thumbnail` varchar(256) DEFAULT NULL
) ENGINE=InnoDB DEFAULT CHARSET=utf8 ROW_FORMAT=DYNAMIC;

--
-- Dump dei dati per la tabella `user`
--

INSERT INTO `user` (`idUser`, `firstName`, `lastName`, `life_play`, `idSocial`, `social`, `name`, `cover`, `thumbnail`) VALUES
(1, 'GUEST', '', 0, '::1', 'anonymous', '', '', '');

-- --------------------------------------------------------

--
-- Struttura della tabella `user_has_badge`
--

CREATE TABLE `user_has_badge` (
  `idUser` int(16) NOT NULL,
  `idBadge` int(16) NOT NULL,
  `timestamp` timestamp NOT NULL DEFAULT CURRENT_TIMESTAMP
) ENGINE=InnoDB DEFAULT CHARSET=utf8 ROW_FORMAT=DYNAMIC;

--
-- Dump dei dati per la tabella `user_has_badge`
--

INSERT INTO `user_has_badge` (`idUser`, `idBadge`, `timestamp`) VALUES
(1, 1, '2018-07-10 09:25:22'),
(1, 2, '2018-07-11 10:22:14'),
(1, 4, '2018-07-12 12:54:04'),
(1, 5, '2018-07-10 09:25:57'),
(1, 7, '2018-07-11 10:27:06'),
(1, 9, '2018-07-10 09:25:22'),
(2, 1, '2018-07-10 09:43:07'),
(2, 2, '2018-07-11 16:29:22'),
(2, 5, '2018-07-10 20:57:25'),
(2, 7, '2018-07-11 16:29:22'),
(3, 1, '2018-07-12 08:13:49'),
(3, 5, '2018-07-12 08:13:49');

-- --------------------------------------------------------

--
-- Struttura della tabella `user_reputation`
--

CREATE TABLE `user_reputation` (
  `idUser` int(16) NOT NULL,
  `idRound` int(11) NOT NULL,
  `reputation` float NOT NULL
) ENGINE=InnoDB DEFAULT CHARSET=latin1;

--
-- Dump dei dati per la tabella `user_reputation`
--

INSERT INTO `user_reputation` (`idUser`, `idRound`, `reputation`) VALUES
(1, 1, 0.367879),
(1, 2, 0.135335),
(1, 4, 0.135335),
(1, 5, 0.367879),
(1, 6, 0.367879),
(1, 39, 0.367879),
(1, 45, 1),
(1, 78, 0.367879),
(1, 96, 0.367879),
(1, 98, 0.135335),
(1, 111, 0.367879),
(1, 112, 1),
(1, 118, 0.135335),
(1, 121, 1),
(1, 125, 0.135335),
(1, 127, 0.0497871),
(1, 129, 1),
(1, 135, 0.0497871),
(1, 138, 1),
(1, 145, 0.0497871),
(1, 146, 0.135335),
(1, 147, 0.0497871),
(1, 158, 1),
(1, 160, 0.0497871),
(1, 161, 0.0497871),
(1, 163, 0.0497871),
(1, 164, 0.135335),
(1, 170, 0.135335),
(2, 7, 0.135335),
(2, 13, 0.367879),
(2, 57, 0.367879),
(2, 58, 0.135335),
(2, 93, 1),
(2, 94, 0.367879),
(3, 105, 0.0497871),
(3, 106, 1),
(3, 108, 0.367879);

--
-- Indici per le tabelle scaricate
--

--
-- Indici per le tabelle `badge`
--
ALTER TABLE `badge`
  ADD PRIMARY KEY (`idBadge`);

--
-- Indici per le tabelle `configuration`
--
ALTER TABLE `configuration`
  ADD PRIMARY KEY (`idParameters`);

--
-- Indici per le tabelle `leaderboard`
--
ALTER TABLE `leaderboard`
  ADD PRIMARY KEY (`idLeaderboard`);

--
-- Indici per le tabelle `level`
--
ALTER TABLE `level`
  ADD PRIMARY KEY (`idlevel`);

--
-- Indici per le tabelle `logging`
--
ALTER TABLE `logging`
  ADD PRIMARY KEY (`id`),
  ADD KEY `IX_idResource` (`idResource`);

--
-- Indici per le tabelle `resource`
--
ALTER TABLE `resource`
  ADD PRIMARY KEY (`idResource`),
  ADD KEY `idx_resource_refId` (`refId`);

--
-- Indici per le tabelle `resource_has_topic`
--
ALTER TABLE `resource_has_topic`
  ADD PRIMARY KEY (`id`);

--
-- Indici per le tabelle `round`
--
ALTER TABLE `round`
  ADD PRIMARY KEY (`idRound`);

--
-- Indici per le tabelle `topic`
--
ALTER TABLE `topic`
  ADD PRIMARY KEY (`idTopic`);

--
-- Indici per le tabelle `true_response`
--
ALTER TABLE `true_response`
  ADD PRIMARY KEY (`idRound`,`level`);

--
-- Indici per le tabelle `user`
--
ALTER TABLE `user`
  ADD PRIMARY KEY (`idUser`);

--
-- Indici per le tabelle `user_has_badge`
--
ALTER TABLE `user_has_badge`
  ADD UNIQUE KEY `idUser` (`idUser`,`idBadge`);

--
-- Indici per le tabelle `user_reputation`
--
ALTER TABLE `user_reputation`
  ADD PRIMARY KEY (`idUser`,`idRound`);

--
-- AUTO_INCREMENT per le tabelle scaricate
--

--
-- AUTO_INCREMENT per la tabella `badge`
--
ALTER TABLE `badge`
  MODIFY `idBadge` int(16) NOT NULL AUTO_INCREMENT, AUTO_INCREMENT=10;

--
-- AUTO_INCREMENT per la tabella `configuration`
--
ALTER TABLE `configuration`
  MODIFY `idParameters` int(11) NOT NULL AUTO_INCREMENT, AUTO_INCREMENT=2;

--
-- AUTO_INCREMENT per la tabella `leaderboard`
--
ALTER TABLE `leaderboard`
  MODIFY `idLeaderboard` int(16) NOT NULL AUTO_INCREMENT, AUTO_INCREMENT=4;

--
-- AUTO_INCREMENT per la tabella `level`
--
ALTER TABLE `level`
  MODIFY `idlevel` int(11) NOT NULL AUTO_INCREMENT, AUTO_INCREMENT=344;

--
-- AUTO_INCREMENT per la tabella `logging`
--
ALTER TABLE `logging`
  MODIFY `id` int(11) NOT NULL AUTO_INCREMENT, AUTO_INCREMENT=31;

--
-- AUTO_INCREMENT per la tabella `resource`
--
ALTER TABLE `resource`
  MODIFY `idResource` int(16) NOT NULL AUTO_INCREMENT, AUTO_INCREMENT=102992;

--
-- AUTO_INCREMENT per la tabella `resource_has_topic`
--
ALTER TABLE `resource_has_topic`
  MODIFY `id` int(11) NOT NULL AUTO_INCREMENT, AUTO_INCREMENT=329886;

--
-- AUTO_INCREMENT per la tabella `round`
--
ALTER TABLE `round`
  MODIFY `idRound` int(11) NOT NULL AUTO_INCREMENT, AUTO_INCREMENT=172;

--
-- AUTO_INCREMENT per la tabella `topic`
--
ALTER TABLE `topic`
  MODIFY `idTopic` int(16) NOT NULL AUTO_INCREMENT, AUTO_INCREMENT=67;

--
-- AUTO_INCREMENT per la tabella `user`
--
ALTER TABLE `user`
  MODIFY `idUser` int(16) NOT NULL AUTO_INCREMENT, AUTO_INCREMENT=2;
