-- phpMyAdmin SQL Dump
-- version 4.7.5
-- https://www.phpmyadmin.net/
--
-- Host: localhost:8889
-- Creato il: Set 01, 2018 alle 17:00
-- Versione del server: 5.6.38
-- Versione PHP: 7.1.12

SET SQL_MODE = "NO_AUTO_VALUE_ON_ZERO";
SET time_zone = "+00:00";

--
-- Database: `gwap-enabler-db`
--

-- --------------------------------------------------------

--
-- Struttura della tabella `badge`
--

CREATE TABLE `badge` (
  `idBadge` int(16) NOT NULL,
  `name` varchar(256) NOT NULL,
  `value` varchar(256) NOT NULL,
  `image` varchar(256) NOT NULL,
  `goal` int(11) NOT NULL
) ENGINE=InnoDB DEFAULT CHARSET=utf8;

--
-- Dump dei dati per la tabella `badge`
--

INSERT INTO `badge` (`idBadge`, `name`, `value`, `image`, `goal`) VALUES
(1, 'BABY', 'BABY_DESCRIPTION', 'images/icone-BADGE-BABY.png', 1),
(2, 'ADDICTED', 'ADDICTED_DESCRIPTION', 'images/icone-BADGE-ADDICTED.png', 2),
(3, 'EXPERT', 'EXPERT_DESCRIPTION', 'images/icone-BADGE-EXPERT.png', 0),
(4, 'GENIUS', 'GENIUS_DESCRIPTION', 'images/icone-BADGE-GENIUS.png', 4),
(5, 'DONKEY', 'DONKEY_DESCRIPTION', 'images/icone-BADGE-DONKEY.png', 5),
(6, 'LAZY', 'LAZY_DESCRIPTION', 'images/icone-BADGE-LAZY.png', 6),
(7, 'COLOSSAL', 'COLOSSAL_DESCRIPTION', 'images/icone-BADGE-COLOSSAL.png', 7),
(8, 'THE FLASH', 'THE_FLASH_DESCRIPTION', 'images/icone-BADGE-FLASH.png', 8),
(9, 'THE KING', 'THE_KING_DESCRIPTION', 'images/icone-BADGE-KING.png', 9);

-- --------------------------------------------------------

--
-- Struttura della tabella `category`
--

CREATE TABLE `category` (
  `idCategory` int(16) NOT NULL,
  `value` varchar(128) NOT NULL,
  `label` varchar(128) DEFAULT NULL
) ENGINE=InnoDB DEFAULT CHARSET=utf8;

--
-- Dump dei dati per la tabella `category`
--

INSERT INTO `category` (`idCategory`, `value`, `label`) VALUES
(1, 'person', 'Personaggi famosi'),
(2, 'music', 'Musicaa'),
(3, 'cinema', 'Cinematografia');

-- --------------------------------------------------------

--
-- Struttura della tabella `configuration`
--

CREATE TABLE `configuration` (
  `idParameters` int(11) NOT NULL,
  `upperThreshold` float NOT NULL,
  `lowerThreshold` float DEFAULT NULL,
  `positiveK` float NOT NULL,
  `negativeK` float DEFAULT NULL,
  `nOfLevels` int(11) NOT NULL,
  `nOfGT` int(11) NOT NULL,
  `levelPoints` int(11) NOT NULL,
  `consecutiveLevelPoints` int(11) NOT NULL,
  `reputationParam` int(11) NOT NULL
) ENGINE=InnoDB DEFAULT CHARSET=utf8 ROW_FORMAT=DYNAMIC;

--
-- Dump dei dati per la tabella `configuration`
--

INSERT INTO `configuration` (`idParameters`, `upperThreshold`, `lowerThreshold`, `positiveK`, `negativeK`, `nOfLevels`, `nOfGT`, `levelPoints`, `consecutiveLevelPoints`, `reputationParam`) VALUES
(1, 0.875, NULL, 0.25, NULL, 6, 1, 50, 50, 1);

-- --------------------------------------------------------

--
-- Struttura della tabella `leaderboard`
--

CREATE TABLE `leaderboard` (
  `idLeaderboard` int(16) NOT NULL,
  `idUser` int(16) NOT NULL,
  `score` int(11) NOT NULL
) ENGINE=InnoDB DEFAULT CHARSET=utf8 ROW_FORMAT=DYNAMIC;

--
-- Dump dei dati per la tabella `leaderboard`
--

INSERT INTO `leaderboard` (`idLeaderboard`, `idUser`, `score`) VALUES
(1, 2, 150),
(2, 1, 1500);

-- --------------------------------------------------------

--
-- Struttura della tabella `level`
--

CREATE TABLE `level` (
  `idlevel` int(11) NOT NULL,
  `level` varchar(45) DEFAULT NULL,
  `idRound` int(11) NOT NULL,
  `startLevel` timestamp NOT NULL DEFAULT CURRENT_TIMESTAMP,
  `endLevel` timestamp NOT NULL DEFAULT '0000-00-00 00:00:00'
) ENGINE=InnoDB DEFAULT CHARSET=utf8 ROW_FORMAT=DYNAMIC;

--
-- Dump dei dati per la tabella `level`
--

INSERT INTO `level` (`idlevel`, `level`, `idRound`, `startLevel`, `endLevel`) VALUES
(1, '1', 28, '2018-08-29 15:56:39', '2018-08-29 15:56:43'),
(2, '2', 28, '2018-08-29 15:56:44', '2018-08-29 15:56:48'),
(3, '3', 28, '2018-08-29 15:56:49', '2018-08-29 15:56:53'),
(4, '4', 28, '2018-08-29 15:56:54', '2018-08-29 15:56:55'),
(5, '5', 28, '2018-08-29 15:56:56', '2018-08-29 15:56:58'),
(6, '6', 28, '2018-08-29 15:57:00', '2018-08-29 15:57:01'),
(7, '1', 29, '2018-08-29 15:57:16', '2018-08-29 15:57:17'),
(8, '2', 29, '2018-08-29 15:57:20', '2018-08-29 15:57:21'),
(9, '3', 29, '2018-08-29 15:57:22', '2018-08-29 15:57:23'),
(10, '4', 29, '2018-08-29 15:57:35', '2018-08-29 15:57:36'),
(11, '5', 29, '2018-08-29 15:57:37', '2018-08-29 15:57:39'),
(12, '6', 29, '2018-08-29 15:57:42', '2018-08-29 15:57:43'),
(13, '1', 30, '2018-08-29 15:58:07', '2018-08-29 15:58:10'),
(14, '2', 30, '2018-08-29 15:58:14', '2018-08-29 15:58:15'),
(15, '3', 30, '2018-08-29 15:58:19', '2018-08-29 15:58:19'),
(16, '4', 30, '2018-08-29 15:58:24', '2018-08-29 15:58:24'),
(17, '5', 30, '2018-08-29 15:58:25', '2018-08-29 15:58:26'),
(18, '6', 30, '2018-08-29 15:58:27', '2018-08-29 15:58:28'),
(19, '1', 32, '2018-08-30 14:30:02', '2018-08-30 14:30:05'),
(20, '2', 32, '2018-08-30 14:30:06', '2018-08-30 14:30:07'),
(21, '3', 32, '2018-08-30 14:30:08', '2018-08-30 14:30:09'),
(22, '4', 32, '2018-08-30 14:30:10', '2018-08-30 14:30:11'),
(23, '5', 32, '2018-08-30 14:30:14', '2018-08-30 14:30:16'),
(24, '6', 32, '2018-08-30 14:30:16', '2018-08-30 14:30:17'),
(25, '1', 33, '2018-08-30 14:30:31', '2018-08-30 14:30:35'),
(26, '2', 33, '2018-08-30 14:30:36', '2018-08-30 14:30:37'),
(27, '3', 33, '2018-08-30 14:30:37', '2018-08-30 14:30:39'),
(28, '4', 33, '2018-08-30 14:30:40', '2018-08-30 14:30:41'),
(29, '5', 33, '2018-08-30 14:30:45', '2018-08-30 14:30:48'),
(30, '6', 33, '2018-08-30 14:30:50', '2018-08-30 14:30:54'),
(31, '1', 34, '2018-08-30 14:31:11', '2018-08-30 14:31:13'),
(32, '2', 34, '2018-08-30 14:31:14', '2018-08-30 14:31:16'),
(33, '3', 34, '2018-08-30 14:31:19', '2018-08-30 14:31:21'),
(34, '4', 34, '2018-08-30 14:31:23', '2018-08-30 14:31:24'),
(35, '5', 34, '2018-08-30 14:31:28', '2018-08-30 14:31:31'),
(36, '6', 34, '2018-08-30 14:31:33', '2018-08-30 14:31:35'),
(37, '1', 36, '2018-08-31 16:37:36', '2018-08-31 16:37:37'),
(38, '2', 36, '2018-08-31 16:37:39', '2018-08-31 16:37:40'),
(39, '3', 36, '2018-08-31 16:37:41', '2018-08-31 16:37:42'),
(40, '4', 36, '2018-08-31 16:37:43', '2018-08-31 16:37:44'),
(41, '5', 36, '2018-08-31 16:37:47', '2018-08-31 16:37:47'),
(42, '6', 36, '2018-08-31 16:37:49', '2018-08-31 16:37:50'),
(43, '1', 37, '2018-08-31 16:38:05', '2018-08-31 16:38:07'),
(44, '2', 37, '2018-08-31 16:38:10', '2018-08-31 16:38:11'),
(45, '3', 37, '2018-08-31 16:38:12', '2018-08-31 16:38:13'),
(46, '4', 37, '2018-08-31 16:38:13', '2018-08-31 16:38:14'),
(47, '5', 37, '2018-08-31 16:38:15', '2018-08-31 16:38:15'),
(48, '6', 37, '2018-08-31 16:38:18', '2018-08-31 16:38:19'),
(49, '1', 38, '2018-08-31 16:38:34', '2018-08-31 16:38:35'),
(50, '2', 38, '2018-08-31 16:38:36', '2018-08-31 16:38:37'),
(51, '3', 38, '2018-08-31 16:38:38', '2018-08-31 16:38:39'),
(52, '4', 38, '2018-08-31 16:38:40', '2018-08-31 16:38:41'),
(53, '5', 38, '2018-08-31 16:38:45', '2018-08-31 16:38:45'),
(54, '6', 38, '2018-08-31 16:38:47', '2018-08-31 16:38:48'),
(55, '1', 40, '2018-09-01 09:57:17', '2018-09-01 09:57:19'),
(56, '2', 40, '2018-09-01 09:57:23', '2018-09-01 09:57:25'),
(57, '3', 40, '2018-09-01 09:57:26', '2018-09-01 09:57:26'),
(58, '4', 40, '2018-09-01 09:57:28', '2018-09-01 09:57:30'),
(59, '5', 40, '2018-09-01 09:57:30', '2018-09-01 09:57:31'),
(60, '6', 40, '2018-09-01 09:57:32', '2018-09-01 09:57:34'),
(61, '1', 41, '2018-09-01 09:57:52', '2018-09-01 09:57:54'),
(62, '2', 41, '2018-09-01 09:57:58', '2018-09-01 09:58:00'),
(63, '3', 41, '2018-09-01 09:58:02', '2018-09-01 09:58:03'),
(64, '4', 41, '2018-09-01 09:58:03', '2018-09-01 09:58:04'),
(65, '5', 41, '2018-09-01 09:58:05', '2018-09-01 09:58:05'),
(66, '6', 41, '2018-09-01 09:58:06', '2018-09-01 09:58:07'),
(67, '1', 42, '2018-09-01 09:58:19', '2018-09-01 09:58:40'),
(68, '2', 42, '2018-09-01 09:58:42', '2018-09-01 09:58:43'),
(69, '3', 42, '2018-09-01 09:58:43', '2018-09-01 09:58:44'),
(70, '4', 42, '2018-09-01 09:58:47', '2018-09-01 09:58:47'),
(71, '5', 42, '2018-09-01 09:58:48', '2018-09-01 09:58:48'),
(72, '6', 42, '2018-09-01 09:58:50', '2018-09-01 09:58:51'),
(73, '1', 43, '2018-09-01 09:59:12', '2018-09-01 09:59:14'),
(74, '2', 43, '2018-09-01 09:59:15', '2018-09-01 09:59:16'),
(75, '3', 43, '2018-09-01 09:59:19', '2018-09-01 09:59:20'),
(76, '4', 43, '2018-09-01 09:59:21', '2018-09-01 09:59:23'),
(77, '5', 43, '2018-09-01 09:59:27', '2018-09-01 09:59:28'),
(78, '6', 43, '2018-09-01 09:59:31', '2018-09-01 09:59:32'),
(79, '1', 45, '2018-09-01 10:00:02', '2018-09-01 10:00:04'),
(80, '2', 45, '2018-09-01 10:00:05', '2018-09-01 10:00:07'),
(81, '3', 45, '2018-09-01 10:00:08', '2018-09-01 10:00:09'),
(82, '4', 45, '2018-09-01 10:00:12', '2018-09-01 10:00:14'),
(83, '5', 45, '2018-09-01 10:00:15', '2018-09-01 10:00:17'),
(84, '6', 45, '2018-09-01 10:00:21', '2018-09-01 10:00:22'),
(85, '1', 46, '2018-09-01 10:00:38', '2018-09-01 10:00:40'),
(86, '2', 46, '2018-09-01 10:00:40', '2018-09-01 10:00:45'),
(87, '3', 46, '2018-09-01 10:00:48', '2018-09-01 10:00:50'),
(88, '4', 46, '2018-09-01 10:00:52', '2018-09-01 10:00:53'),
(89, '5', 46, '2018-09-01 10:00:55', '2018-09-01 10:00:57'),
(90, '6', 46, '2018-09-01 10:00:58', '2018-09-01 10:00:59'),
(91, '1', 47, '2018-09-01 10:01:12', '2018-09-01 10:01:15'),
(92, '2', 47, '2018-09-01 10:01:17', '2018-09-01 10:01:17'),
(93, '3', 47, '2018-09-01 10:01:19', '2018-09-01 10:01:20'),
(94, '4', 47, '2018-09-01 10:01:21', '2018-09-01 10:01:23'),
(95, '5', 47, '2018-09-01 10:01:27', '2018-09-01 10:01:29'),
(96, '6', 47, '2018-09-01 10:01:31', '2018-09-01 10:01:32'),
(97, '1', 48, '2018-09-01 10:01:48', '2018-09-01 10:01:49'),
(98, '2', 48, '2018-09-01 10:01:51', '2018-09-01 10:02:17'),
(99, '3', 48, '2018-09-01 10:02:21', '2018-09-01 10:02:22'),
(100, '4', 48, '2018-09-01 10:02:24', '2018-09-01 10:02:25'),
(101, '5', 48, '2018-09-01 10:02:29', '2018-09-01 10:02:30'),
(102, '6', 48, '2018-09-01 10:02:33', '2018-09-01 10:02:34'),
(103, '1', 50, '2018-09-01 10:03:10', '2018-09-01 10:03:11'),
(104, '2', 50, '2018-09-01 10:03:15', '2018-09-01 10:03:17'),
(105, '3', 50, '2018-09-01 10:03:19', '2018-09-01 10:03:20'),
(106, '4', 50, '2018-09-01 10:03:21', '2018-09-01 10:03:24'),
(107, '5', 50, '2018-09-01 10:03:25', '2018-09-01 10:03:26'),
(108, '6', 50, '2018-09-01 10:03:27', '0000-00-00 00:00:00'),
(109, '1', 51, '2018-09-01 10:05:28', '2018-09-01 10:05:30'),
(110, '2', 51, '2018-09-01 10:05:31', '2018-09-01 10:05:33'),
(111, '3', 51, '2018-09-01 10:05:34', '2018-09-01 10:05:36'),
(112, '4', 51, '2018-09-01 10:05:51', '0000-00-00 00:00:00'),
(113, '1', 52, '2018-09-01 10:08:12', '2018-09-01 10:08:13'),
(114, '2', 52, '2018-09-01 10:08:14', '2018-09-01 10:08:17'),
(115, '3', 52, '2018-09-01 10:08:18', '2018-09-01 10:08:20'),
(116, '4', 52, '2018-09-01 10:08:25', '2018-09-01 10:08:26'),
(117, '5', 52, '2018-09-01 10:08:29', '2018-09-01 10:08:30'),
(118, '6', 52, '2018-09-01 10:08:31', '2018-09-01 10:08:33'),
(119, '1', 53, '2018-09-01 10:08:50', '2018-09-01 10:08:53'),
(120, '2', 53, '2018-09-01 10:08:55', '2018-09-01 10:08:57'),
(121, '3', 53, '2018-09-01 10:09:01', '2018-09-01 10:09:06'),
(122, '4', 53, '2018-09-01 10:09:08', '2018-09-01 10:09:10'),
(123, '5', 53, '2018-09-01 10:09:13', '2018-09-01 10:09:15'),
(124, '6', 53, '2018-09-01 10:09:18', '2018-09-01 10:09:19'),
(125, '1', 54, '2018-09-01 10:09:40', '2018-09-01 10:09:43'),
(126, '2', 54, '2018-09-01 10:09:44', '2018-09-01 10:09:46'),
(127, '3', 54, '2018-09-01 10:09:49', '2018-09-01 10:09:50'),
(128, '4', 54, '2018-09-01 10:09:51', '2018-09-01 10:09:54'),
(129, '5', 54, '2018-09-01 10:09:55', '2018-09-01 10:09:57'),
(130, '6', 54, '2018-09-01 10:09:58', '2018-09-01 10:10:01'),
(131, '1', 55, '2018-09-01 10:10:19', '2018-09-01 10:10:23'),
(132, '2', 55, '2018-09-01 10:10:24', '2018-09-01 10:10:27'),
(133, '3', 55, '2018-09-01 10:10:28', '2018-09-01 10:10:30'),
(134, '4', 55, '2018-09-01 10:10:32', '2018-09-01 10:10:35'),
(135, '5', 55, '2018-09-01 10:10:39', '2018-09-01 10:11:12'),
(136, '6', 55, '2018-09-01 10:11:13', '2018-09-01 10:11:17'),
(137, '1', 57, '2018-09-01 14:10:54', '2018-09-01 14:10:56'),
(138, '2', 57, '2018-09-01 14:10:56', '2018-09-01 14:10:57'),
(139, '3', 57, '2018-09-01 14:10:58', '2018-09-01 14:10:58'),
(140, '4', 57, '2018-09-01 14:11:01', '2018-09-01 14:11:02'),
(141, '5', 57, '2018-09-01 14:11:03', '2018-09-01 14:11:05'),
(142, '6', 57, '2018-09-01 14:11:05', '2018-09-01 14:11:07');

-- --------------------------------------------------------

--
-- Struttura della tabella `logging`
--

CREATE TABLE `logging` (
  `id` int(11) NOT NULL,
  `idUser` int(11) NOT NULL,
  `idTopic` int(11) NOT NULL,
  `idResource` int(11) NOT NULL,
  `timestamp` timestamp NOT NULL DEFAULT CURRENT_TIMESTAMP,
  `idRound` int(11) NOT NULL,
  `idLevel` int(11) DEFAULT NULL,
  `partnerChosen` bit(1) DEFAULT NULL,
  `chosen` bit(1) DEFAULT NULL
) ENGINE=InnoDB DEFAULT CHARSET=utf8 ROW_FORMAT=DYNAMIC;

--
-- Dump dei dati per la tabella `logging`
--

INSERT INTO `logging` (`id`, `idUser`, `idTopic`, `idResource`, `timestamp`, `idRound`, `idLevel`, `partnerChosen`, `chosen`) VALUES
(1, 1, 6, 103044, '2018-09-01 14:10:56', 57, 137, b'1', b'0'),
(2, 1, 215, 103044, '2018-09-01 14:10:56', 57, 137, b'0', b'1'),
(3, 1, 216, 103044, '2018-09-01 14:10:56', 57, 137, b'0', b'0'),
(4, 1, 217, 103044, '2018-09-01 14:10:56', 57, 137, b'0', b'0'),
(5, 1, 218, 103044, '2018-09-01 14:10:56', 57, 137, b'0', b'0'),
(6, 1, 219, 103044, '2018-09-01 14:10:56', 57, 137, b'0', b'0'),
(7, 1, 6, 103043, '2018-09-01 14:10:57', 57, 138, b'0', b'0'),
(8, 1, 175, 103043, '2018-09-01 14:10:57', 57, 138, b'1', b'0'),
(9, 1, 176, 103043, '2018-09-01 14:10:57', 57, 138, b'0', b'1'),
(10, 1, 177, 103043, '2018-09-01 14:10:57', 57, 138, b'0', b'0'),
(11, 1, 178, 103043, '2018-09-01 14:10:57', 57, 138, b'0', b'0'),
(12, 1, 179, 103043, '2018-09-01 14:10:57', 57, 138, b'0', b'0'),
(13, 1, 6, 103041, '2018-09-01 14:10:58', 57, 139, b'0', b'0'),
(14, 1, 170, 103041, '2018-09-01 14:10:58', 57, 139, b'0', b'0'),
(15, 1, 171, 103041, '2018-09-01 14:10:58', 57, 139, b'0', b'0'),
(16, 1, 172, 103041, '2018-09-01 14:10:58', 57, 139, b'0', b'0'),
(17, 1, 173, 103041, '2018-09-01 14:10:58', 57, 139, b'0', b'0'),
(18, 1, 174, 103041, '2018-09-01 14:10:58', 57, 139, b'1', b'1'),
(19, 1, 6, 103046, '2018-09-01 14:11:02', 57, 140, b'0', b'0'),
(20, 1, 205, 103046, '2018-09-01 14:11:02', 57, 140, b'0', b'0'),
(21, 1, 206, 103046, '2018-09-01 14:11:02', 57, 140, b'0', b'0'),
(22, 1, 207, 103046, '2018-09-01 14:11:02', 57, 140, b'0', b'1'),
(23, 1, 208, 103046, '2018-09-01 14:11:02', 57, 140, b'1', b'0'),
(24, 1, 209, 103046, '2018-09-01 14:11:02', 57, 140, b'0', b'0'),
(25, 1, 6, 103045, '2018-09-01 14:11:04', 57, 141, b'0', b'0'),
(26, 1, 180, 103045, '2018-09-01 14:11:04', 57, 141, b'1', b'0'),
(27, 1, 181, 103045, '2018-09-01 14:11:04', 57, 141, b'0', b'0'),
(28, 1, 182, 103045, '2018-09-01 14:11:04', 57, 141, b'0', b'0'),
(29, 1, 183, 103045, '2018-09-01 14:11:04', 57, 141, b'0', b'1'),
(30, 1, 184, 103045, '2018-09-01 14:11:04', 57, 141, b'0', b'0'),
(31, 1, 6, 103042, '2018-09-01 14:11:07', 57, 142, b'0', b'0'),
(32, 1, 185, 103042, '2018-09-01 14:11:07', 57, 142, b'0', b'1'),
(33, 1, 186, 103042, '2018-09-01 14:11:07', 57, 142, b'1', b'0'),
(34, 1, 187, 103042, '2018-09-01 14:11:07', 57, 142, b'0', b'0'),
(35, 1, 188, 103042, '2018-09-01 14:11:07', 57, 142, b'0', b'0'),
(36, 1, 189, 103042, '2018-09-01 14:11:07', 57, 142, b'0', b'0');

-- --------------------------------------------------------

--
-- Struttura della tabella `resource`
--

CREATE TABLE `resource` (
  `idResource` int(16) NOT NULL,
  `refId` varchar(128) NOT NULL,
  `idCategory` int(16) DEFAULT NULL,
  `label` varchar(128) DEFAULT NULL,
  `lat` double DEFAULT NULL,
  `long` double DEFAULT NULL,
  `url` varchar(256) DEFAULT NULL,
  `orderBy` double DEFAULT NULL
) ENGINE=InnoDB DEFAULT CHARSET=utf8;

--
-- Dump dei dati per la tabella `resource`
--

INSERT INTO `resource` (`idResource`, `refId`, `idCategory`, `label`, `lat`, `long`, `url`, `orderBy`) VALUES
(102976, '', 1, 'https://it.wikipedia.org/wiki/Donald_Trump', NULL, NULL, 'analogy/resource/trump.png', 0.8903262165194633),
(102977, '', 2, 'https://it.wikipedia.org/wiki/Michael_Jackson', NULL, NULL, 'analogy/resource/jackson.png', 0.8876543212345678),
(102981, '', 1, 'https://it.wikipedia.org/wiki/Gaio_Giulio_Cesare', NULL, NULL, 'analogy/resource/cesare.png', 0.8879482317417378),
(102982, '', 1, 'https://it.wikipedia.org/wiki/Dante_Alighieri', NULL, NULL, 'analogy/resource/dante.png', 0.8811482347417378),
(102983, '', 3, 'https://it.wikipedia.org/wiki/E.T._l\'extra-terrestre', NULL, NULL, 'analogy/resource/et.png', 0.8879482347417378),
(102984, '', 1, 'https://it.wikipedia.org/wiki/Muʿammar_Gheddafi', NULL, NULL, 'analogy/resource/gheddafi.png', 0.8879482346417378),
(102985, '', 1, 'https://it.wikipedia.org/wiki/Johannes_Gutenberg', NULL, NULL, 'analogy/resource/gutenberg.png', 0.8879481347417378),
(102986, '', 1, 'https://it.wikipedia.org/wiki/Steve_Jobs', NULL, NULL, 'analogy/resource/jobs.png', 0.8879482147417378),
(102987, '', 1, 'https://it.wikipedia.org/wiki/Marine_Le_Pen', NULL, NULL, 'analogy/resource/lePen.png', 0.8379482347417379),
(102988, '', 1, 'https://it.wikipedia.org/wiki/David_Letterman', NULL, NULL, 'analogy/resource/letterman.png', 0.8879482347497378),
(102989, '', 1, 'https://it.wikipedia.org/wiki/Marie_Curie', NULL, NULL, 'analogy/resource/marie.png', 0.8079482347417378),
(102990, '', 1, 'https://it.wikipedia.org/wiki/Napoleone_Bonaparte', NULL, NULL, 'analogy/resource/napoleone.png', 0.8913232165194633),
(102991, '', 1, 'https://it.wikipedia.org/wiki/Barack_Obama', NULL, NULL, 'analogy/resource/obama.png', 0.7879482347417378),
(102992, '', 2, 'https://it.wikipedia.org/wiki/Freddie_Mercury', NULL, NULL, 'analogy/resource/freddie.png', 0.7879382347417379),
(102993, '', 2, 'https://it.wikipedia.org/wiki/Tom_Morello', NULL, NULL, 'analogy/resource/morello.png', 0.7879282347417378),
(102994, '', 2, 'https://it.wikipedia.org/wiki/Calcutta_(cantante)', NULL, NULL, 'analogy/resource/calcutta.png', 0.7879182347417378),
(102995, '', 2, 'https://it.wikipedia.org/wiki/Genesis', NULL, NULL, 'analogy/resource/genesis.png', 0.7879082347417378),
(102996, '', 2, 'https://it.wikipedia.org/wiki/Daft_Punk', NULL, NULL, 'analogy/resource/daftPunk.png', 0.7879472347417378),
(102997, '', 2, 'https://it.wikipedia.org/wiki/The_Beatles', NULL, NULL, 'analogy/resource/beatles.png', 0.7879462347417377),
(102998, '', 2, 'https://it.wikipedia.org/wiki/Eminem', NULL, NULL, 'analogy/resource/eminem.png', 0.7879452347417378),
(102999, '', 2, 'https://it.wikipedia.org/wiki/Ludwig_van_Beethoven', NULL, NULL, 'analogy/resource/beethoven.png', 0.7879442347417378),
(103000, '', 2, 'https://it.wikipedia.org/wiki/Pink_Floyd', NULL, NULL, 'analogy/resource/pinkFloyd.png', 0.7879432347417378),
(103001, '', 2, 'https://it.wikipedia.org/wiki/Louis_Armstrong', NULL, NULL, 'analogy/resource/armstrong.png', 0.7879422347417377),
(103038, '', 3, 'https://it.wikipedia.org/wiki/2001:_Odissea_nello_spazio', NULL, NULL, 'analogy/resource/2001.png', 0.7779432347417378),
(103039, '', 3, 'https://it.wikipedia.org/wiki/Arancia_meccanica_(film)', NULL, NULL, 'analogy/resource/arancia.png', 0.7778432347417378),
(103040, '', 3, 'https://it.wikipedia.org/wiki/Leonardo_DiCaprio', NULL, NULL, 'analogy/resource/diCaprio.png', 0.7776432347417378),
(103041, '', 3, 'https://it.wikipedia.org/wiki/Dirty_Dancing_-_Balli_proibiti', NULL, NULL, 'analogy/resource/dirty.png', 0.7775432347417378),
(103042, '', 3, 'https://it.wikipedia.org/wiki/Angelina_Jolie', NULL, NULL, 'analogy/resource/jolie.png', 0.7775432347417378),
(103043, '', 3, 'https://it.wikipedia.org/wiki/Pulp_Fiction', NULL, NULL, 'analogy/resource/pulp.png', 0.7773432347417378),
(103044, '', 3, 'https://it.wikipedia.org/wiki/Steven_Spielberg', NULL, NULL, 'analogy/resource/spielberg.png', 0.7772432347417378),
(103045, '', 3, 'https://it.wikipedia.org/wiki/Quentin_Tarantino', NULL, NULL, 'analogy/resource/tarantino.png', 0.7771432347417379),
(103046, '', 3, 'https://it.wikipedia.org/wiki/Il_Trono_di_Spade_(serie_televisiva)', NULL, NULL, 'analogy/resource/trono.png', 0.7770432347417378),
(103047, '', 3, 'https://it.wikipedia.org/wiki/Robin_Williams', NULL, NULL, 'analogy/resource/williams.png', 0.7779432348417378),
(103048, '', 2, 'https://it.wikipedia.org/wiki/Dario_Argento', NULL, NULL, 'analogy/resource/argento.png', 0.8079482347417377),
(103049, '', 3, 'https://it.wikipedia.org/wiki/Ludwig_van_Beethoven', NULL, NULL, 'analogy/resource/beethovenT.png', 0.8079482347417376),
(103050, '', 3, 'https://it.wikipedia.org/wiki/Gigi_D\'Agostino', NULL, NULL, 'analogy/resource/gigidAg.png', 0.8079482347417375),
(103051, '', 1, 'https://it.wikipedia.org/wiki/Jimi_Hendrix', NULL, NULL, 'analogy/resource/hendrix.png', 0.8079482347417374),
(103052, '', 1, 'https://it.wikipedia.org/wiki/Michael_Jackson', NULL, NULL, 'analogy/resource/jacksonT.png', 0.8079482347417373),
(103053, '', 2, 'https://it.wikipedia.org/wiki/Immanuel_Kant', NULL, NULL, 'analogy/resource/kant.png', 0.8079482347417372),
(103054, '', 1, 'https://it.wikipedia.org/wiki/Aristotele', NULL, NULL, 'analogy/resource/aristotele.png', 0.7776432347417371),
(103055, '', 1, 'https://it.wikipedia.org/wiki/Silvio_Berlusconi', NULL, NULL, 'analogy/resource/berlusconi.png', 0.7776432347417372),
(103056, '', 1, 'https://it.wikipedia.org/wiki/Charles_Dickens', NULL, NULL, 'analogy/resource/dickens.png', 0.7776432347417339),
(103057, '', 1, 'https://it.wikipedia.org/wiki/Albert_Einstein', NULL, NULL, 'analogy/resource/einstein.png', 0.7776432347417374),
(103058, '', 1, 'https://it.wikipedia.org/wiki/Stephen_Hawking', NULL, NULL, 'analogy/resource/hawking.png', 0.7776432347417375),
(103059, '', 1, 'https://it.wikipedia.org/wiki/Emmanuel_Macron', NULL, NULL, 'analogy/resource/macron.png', 0.7776432347417376),
(103060, '', 1, 'https://it.wikipedia.org/wiki/Vladimir_Putin', NULL, NULL, 'analogy/resource/putin.png', 0.7776432347417377),
(103061, '', 1, 'https://it.wikipedia.org/wiki/Michael_Schumacher', NULL, NULL, 'analogy/resource/schumacher.png', 0.7776432347417379),
(103062, '', 1, 'https://it.wikipedia.org/wiki/Justin_Trudeau', NULL, NULL, 'analogy/resource/trudeau.png', 0.7776432347417388),
(103063, '', 1, 'https://it.wikipedia.org/wiki/Michael_Phelps', NULL, NULL, 'analogy/resource/phelps.png', 0.7776432347417358),
(103064, '', 2, 'https://it.wikipedia.org/wiki/AC/DC', NULL, NULL, 'analogy/resource/acdc.png', 0.8811492347417378),
(103065, '', 2, 'https://it.wikipedia.org/wiki/Aretha_Franklin', NULL, NULL, 'analogy/resource/aretha.png', 0.8811472347417378),
(103066, '', 2, 'https://it.wikipedia.org/wiki/Justin_Bieber', NULL, NULL, 'analogy/resource/bieber.png', 0.8811462347417378),
(103067, '', 2, 'https://it.wikipedia.org/wiki/Bob_Dylan', NULL, NULL, 'analogy/resource/dylan.png', 0.8811452347417378),
(103068, '', 2, 'https://it.wikipedia.org/wiki/Janis_Joplin', NULL, NULL, 'analogy/resource/joplin.png', 0.8811442347417378),
(103069, '', 2, 'https://it.wikipedia.org/wiki/Mark_Knopfler', NULL, NULL, 'analogy/resource/knopler.png', 0.8811432347417378),
(103070, '', 2, 'https://it.wikipedia.org/wiki/Bob_Marley', NULL, NULL, 'analogy/resource/marley.png', 0.8811422347417378),
(103071, '', 2, 'https://it.wikipedia.org/wiki/Nirvana_(gruppo_musicale)', NULL, NULL, 'analogy/resource/nirvana.png', 0.8811412347417378),
(103072, '', 2, 'https://it.wikipedia.org/wiki/Luciano_Pavarotti', NULL, NULL, 'analogy/resource/pavarotti.png', 0.8811402347417377),
(103073, '', 2, 'https://it.wikipedia.org/wiki/Wham!', NULL, NULL, 'analogy/resource/wham.png', 0.8811082347417378),
(103074, '', 3, 'https://it.wikipedia.org/wiki/Tom_Hanks', NULL, NULL, 'analogy/resource/hanks.png', 0.8079482347317378),
(103075, '', 3, 'https://it.wikipedia.org/wiki/Il_padrino_(film)', NULL, NULL, 'analogy/resource/padrino.png', 0.8079482347217378),
(103076, '', 3, 'https://it.wikipedia.org/wiki/Il_re_leone', NULL, NULL, 'analogy/resource/reLeone.png', 0.8079482347117378),
(103077, '', 3, 'https://it.wikipedia.org/wiki/Pulp_Fiction', NULL, NULL, 'analogy/resource/pulp2.png', 0.8079482347127378),
(103078, '', 3, 'https://it.wikipedia.org/wiki/Sacha_Baron_Cohen', NULL, NULL, 'analogy/resource/sacha.png', 0.8079482347137378),
(103079, '', 3, 'https://it.wikipedia.org/wiki/Salvate_il_soldato_Ryan', NULL, NULL, 'analogy/resource/ryan.png', 0.8079482347147378),
(103080, '', 3, 'https://it.wikipedia.org/wiki/Se_mi_lasci_ti_cancello', NULL, NULL, 'analogy/resource/semilasci.png', 0.8079482347157378),
(103081, '', 3, 'https://it.wikipedia.org/wiki/Stanlio_e_Ollio', NULL, NULL, 'analogy/resource/stanlioOllio.png', 0.8079482347167378),
(103082, '', 3, 'https://it.wikipedia.org/wiki/Checco_Zalone', NULL, NULL, 'analogy/resource/zalone.png', 0.8079482347177378),
(103083, '', 3, 'https://it.wikipedia.org/wiki/Django_Unchained', NULL, NULL, 'analogy/resource/django.png', 0.8079482347187378),
(103084, '', 1, 'https://it.wikipedia.org/wiki/Christopher_Nolan', NULL, NULL, 'analogy/resource/nolanS.png', 0.8903262265194632),
(103085, '', 1, 'https://it.wikipedia.org/wiki/Sting', NULL, NULL, 'analogy/resource/sting.png', 0.8903262365194633),
(103086, '', 1, 'https://it.wikipedia.org/wiki/Laura_Pausini', NULL, NULL, 'analogy/resource/pausini.png', 0.8903262465194633),
(103087, '', 2, 'https://it.wikipedia.org/wiki/Michael_Phelps', NULL, NULL, 'analogy/resource/phelpsS.png', 0.8903262565194633),
(103088, '', 2, 'https://it.wikipedia.org/wiki/Vladimir_Putin', NULL, NULL, 'analogy/resource/putinS.png', 0.8903262665194633),
(103089, '', 2, 'https://it.wikipedia.org/wiki/Luigi_Pirandello', NULL, NULL, 'analogy/resource/pirandello.png', 0.8903262765194633),
(103090, '', 3, 'https://it.wikipedia.org/wiki/Jury_Chechi', NULL, NULL, 'analogy/resource/chechi.png', 0.8903262865194633),
(103091, '', 3, 'https://it.wikipedia.org/wiki/Marie_Curie', NULL, NULL, 'analogy/resource/marieS.png', 0.8903262965194633),
(103092, '', 3, 'https://it.wikipedia.org/wiki/Dario_Fo', NULL, NULL, 'analogy/resource/fo.png', 0.8903262065194633);

-- --------------------------------------------------------

--
-- Struttura della tabella `resource_has_topic`
--

CREATE TABLE `resource_has_topic` (
  `id` int(11) NOT NULL,
  `idResource` int(11) NOT NULL,
  `idTopic` int(11) NOT NULL,
  `score` float NOT NULL,
  `timestamp` timestamp NOT NULL DEFAULT CURRENT_TIMESTAMP ON UPDATE CURRENT_TIMESTAMP
) ENGINE=InnoDB DEFAULT CHARSET=utf8;

--
-- Dump dei dati per la tabella `resource_has_topic`
--

INSERT INTO `resource_has_topic` (`id`, `idResource`, `idTopic`, `score`, `timestamp`) VALUES
(304370, 99346, 6, 0, '2018-07-19 14:25:48'),
(316676, 101104, 6, 0, '2017-06-28 07:41:36'),
(329766, 102974, 6, 0, '2018-07-19 14:25:48'),
(329800, 102977, 6, 0, '2018-07-19 14:25:48'),
(329801, 102976, 9, 0.25, '2018-09-01 09:59:32'),
(329802, 102976, 10, 0.25, '2018-08-28 15:26:47'),
(329803, 102976, 11, 0, '2018-07-19 14:25:48'),
(329804, 102976, 2, 0, '2018-07-19 14:25:48'),
(329805, 102976, 12, 0, '2018-07-19 14:25:48'),
(329806, 102976, 6, 0, '2018-07-19 07:50:44'),
(329814, 102977, 14, 0, '2018-07-17 08:08:36'),
(329815, 102977, 13, 0, '2018-07-19 14:22:53'),
(329816, 102977, 14, 0, '2018-07-17 08:08:39'),
(329817, 102977, 15, 0, '2018-07-19 14:25:48'),
(329818, 102977, 16, 0.25, '2018-08-28 15:28:37'),
(329819, 102977, 17, 0, '2018-07-13 01:48:50'),
(329820, 102983, 18, 0, '2018-07-19 14:25:48'),
(329821, 102983, 19, 0, '2018-07-19 14:25:48'),
(329822, 102983, 20, 0, '2018-07-13 03:22:34'),
(329823, 102983, 21, 0, '2018-07-13 03:22:34'),
(329824, 102983, 22, 0, '2018-07-19 14:25:48'),
(329825, 102983, 6, 0, '2018-07-19 14:25:48'),
(329826, 102990, 23, 0, '2018-07-19 14:25:48'),
(329827, 102990, 24, 0, '2018-07-19 14:25:48'),
(329828, 102990, 25, 0, '2018-07-19 14:25:48'),
(329829, 102990, 26, 0, '2018-07-19 14:25:48'),
(329830, 102990, 27, 0, '2018-07-19 14:25:48'),
(329831, 102990, 6, 0, '2018-07-13 03:30:35'),
(329832, 102982, 28, 0, '2018-07-19 07:51:30'),
(329833, 102982, 29, 0, '2018-07-19 14:25:48'),
(329834, 102982, 30, 0, '2018-07-19 14:25:48'),
(329835, 102982, 31, 0, '2018-09-01 09:33:09'),
(329836, 102982, 32, 0, '2018-07-19 14:25:48'),
(329837, 102982, 6, 0.0919699, '2018-09-01 09:58:54'),
(329838, 102991, 9, 0.5, '2018-08-28 15:26:01'),
(329839, 102991, 10, 0.5, '2018-08-17 15:17:33'),
(329840, 102991, 11, 0, '2018-07-19 14:25:48'),
(329841, 102991, 33, 0, '2018-07-19 14:25:48'),
(329842, 102991, 34, 0.18394, '2018-09-01 09:58:54'),
(329843, 102991, 6, 0, '2018-07-19 14:25:48'),
(329844, 102985, 35, 0.5, '2018-08-28 15:26:01'),
(329845, 102985, 36, 0, '2018-07-19 14:25:48'),
(329846, 102985, 37, 0, '2018-07-19 14:25:48'),
(329847, 102985, 38, 0.43394, '2018-09-01 09:58:54'),
(329848, 102985, 39, 0, '2018-07-19 14:32:07'),
(329849, 102985, 6, 0, '2018-07-19 14:25:48'),
(329850, 102986, 40, 0.5, '2018-08-17 15:17:33'),
(329851, 102986, 41, 0, '2018-07-19 14:25:48'),
(329852, 102986, 42, 0, '2018-07-19 14:25:48'),
(329853, 102986, 43, 0, '2018-07-19 14:25:48'),
(329854, 102986, 44, 0.25, '2018-08-28 15:26:47'),
(329855, 102986, 6, 0.34197, '2018-09-01 09:59:32'),
(329856, 102988, 45, 0, '2018-07-17 09:56:55'),
(329857, 102988, 46, 0, '2018-07-19 14:22:57'),
(329858, 102988, 47, 0.25, '2018-08-28 15:26:47'),
(329859, 102988, 48, 0, '2018-07-19 14:25:48'),
(329860, 102988, 49, 0, '2018-07-19 14:25:48'),
(329861, 102988, 6, 0.25, '2018-09-01 09:59:32'),
(329862, 102987, 50, 0.5, '2018-08-28 15:26:01'),
(329863, 102987, 51, 0, '2018-07-19 14:25:48'),
(329864, 102987, 9, 0.34197, '2018-09-01 09:58:54'),
(329865, 102987, 11, 0, '2018-07-19 14:25:48'),
(329866, 102987, 2, 0.25, '2018-08-17 15:15:54'),
(329867, 102987, 6, 0.0919699, '2018-08-29 15:58:29'),
(329868, 102984, 52, 0.5, '2018-08-28 15:26:47'),
(329869, 102984, 53, 0, '2018-07-19 14:25:48'),
(329870, 102984, 54, 0, '2018-07-19 14:25:48'),
(329871, 102984, 55, 0.25, '2018-08-17 15:17:33'),
(329872, 102984, 56, 0.25, '2018-09-01 09:59:32'),
(329873, 102984, 6, 0, '2018-07-19 14:25:48'),
(329874, 102989, 57, 0.0919699, '2018-09-01 09:58:54'),
(329875, 102989, 58, 0.5, '2018-08-28 15:26:01'),
(329876, 102989, 59, 0, '2018-07-19 14:25:48'),
(329877, 102989, 60, 0, '2018-07-19 14:25:48'),
(329878, 102989, 61, 0.25, '2018-07-23 21:36:20'),
(329879, 102989, 6, 0.34197, '2018-08-29 15:58:28'),
(329880, 102981, 57, 0.25, '2018-09-01 09:59:32'),
(329881, 102981, 58, 0.25, '2018-08-28 15:26:47'),
(329882, 102981, 59, 0, '2018-07-19 14:25:48'),
(329883, 102981, 60, 0, '2018-07-19 14:25:48'),
(329884, 102981, 61, 0, '2018-07-19 14:25:48'),
(329885, 102981, 6, 0.5, '2018-08-17 15:17:33'),
(329886, 102993, 15, 0, '2018-09-01 09:33:07'),
(329887, 102993, 67, 0.25, '2018-09-01 10:00:25'),
(329888, 102993, 68, 0, '2018-07-19 14:25:48'),
(329889, 102993, 69, 0, '2018-07-19 14:25:48'),
(329890, 102993, 70, 0, '2018-07-19 14:25:48'),
(329891, 102993, 6, 0, '2018-07-19 14:25:48'),
(329892, 102992, 71, 0.5, '2018-08-17 15:19:01'),
(329893, 102992, 72, 0, '2018-07-19 14:25:48'),
(329894, 102992, 73, 0.75, '2018-09-01 10:00:25'),
(329895, 102992, 74, 0.34197, '2018-08-30 14:30:20'),
(329896, 102992, 75, 0, '2018-07-19 14:25:48'),
(329897, 102992, 6, 0, '2018-07-19 14:25:48'),
(329898, 102994, 76, 0, '2018-07-19 14:25:48'),
(329899, 102994, 77, 0.84197, '2018-08-30 14:30:20'),
(329900, 102994, 78, 0.25, '2018-08-28 15:27:55'),
(329901, 102994, 79, 0, '2018-07-19 14:25:48'),
(329902, 102994, 80, 0.25, '2018-09-01 10:00:25'),
(329903, 102994, 6, 0, '2018-07-19 14:25:48'),
(329904, 102995, 81, 0, '2018-07-19 14:25:48'),
(329905, 102995, 82, 0, '2018-07-19 14:25:48'),
(329906, 102995, 83, 0, '2018-07-19 14:25:48'),
(329907, 102995, 84, 0.84197, '2018-08-30 14:30:20'),
(329908, 102995, 85, 0.5, '2018-08-17 15:19:01'),
(329909, 102995, 6, 0.25, '2018-09-01 10:00:25'),
(329910, 102996, 86, 0, '2018-07-19 14:25:48'),
(329911, 102996, 87, 0.25, '2018-08-17 15:26:06'),
(329912, 102996, 88, 0.25, '2018-08-28 15:28:37'),
(329913, 102996, 89, 0, '2018-07-15 04:41:34'),
(329914, 102996, 90, 0.25, '2018-09-01 10:00:59'),
(329915, 102996, 6, 0.25, '2018-08-30 14:30:55'),
(329916, 102997, 91, 0, '2018-07-19 14:25:48'),
(329917, 102997, 92, 0.5, '2018-09-01 10:00:59'),
(329918, 102997, 93, 0, '2018-07-19 14:25:48'),
(329919, 102997, 94, 0.25, '2018-08-17 15:26:06'),
(329920, 102997, 95, 0.25, '2018-08-30 14:30:55'),
(329921, 102997, 6, 0, '2018-07-17 08:35:40'),
(329922, 102998, 96, 0.25, '2018-08-30 14:30:55'),
(329923, 102998, 97, 1, '2018-09-01 10:00:59'),
(329924, 102998, 98, 0, '2018-07-19 14:25:48'),
(329925, 102998, 99, 0, '2018-07-19 14:25:48'),
(329926, 102998, 100, 0, '2018-07-19 14:25:48'),
(329927, 102998, 6, 0, '2018-07-19 14:25:48'),
(329928, 102999, 101, 0, '2018-07-19 14:25:48'),
(329929, 102999, 102, 0, '2018-07-17 09:47:08'),
(329930, 102999, 103, 0.25, '2018-08-17 15:26:06'),
(329931, 102999, 104, 0.25, '2018-08-30 14:30:55'),
(329932, 102999, 105, 0.75, '2018-09-01 10:00:59'),
(329933, 102999, 6, 0, '2018-07-19 14:25:48'),
(329934, 103000, 93, 0.25, '2018-08-28 15:27:55'),
(329935, 103000, 106, 0, '2018-07-19 14:25:48'),
(329936, 103000, 107, 0.59197, '2018-09-01 10:00:59'),
(329937, 103000, 108, 0, '2018-07-19 14:25:48'),
(329938, 103000, 109, 0, '2018-07-19 14:25:48'),
(329939, 103000, 6, 0, '2018-07-19 14:25:48'),
(329941, 103001, 111, 0, '2018-07-19 14:25:48'),
(329943, 103001, 113, 0.25, '2018-08-28 15:27:55'),
(329944, 103001, 114, 0, '2018-07-15 05:25:59'),
(329945, 103001, 6, 0.0919699, '2018-08-30 14:30:20'),
(329956, 103001, 110, 0.5, '2018-09-01 10:00:25'),
(329957, 103001, 112, 0.75, '2018-07-23 21:35:26'),
(330004, 103041, 170, 0.0919699, '2018-08-31 16:37:51'),
(330005, 103041, 171, 0, '2018-07-19 14:25:48'),
(330006, 103041, 172, 0, '2018-07-18 14:35:55'),
(330007, 103041, 173, 0, '2018-07-18 14:35:55'),
(330008, 103041, 174, 1, '2018-09-01 10:09:20'),
(330009, 103041, 6, 0, '2018-07-18 14:36:18'),
(330010, 103043, 175, 0.0919699, '2018-08-31 16:37:51'),
(330011, 103043, 176, 0.5, '2018-09-01 14:11:09'),
(330012, 103043, 177, 0.75, '2018-08-28 15:29:19'),
(330013, 103043, 178, 0.25, '2018-07-23 21:32:56'),
(330014, 103043, 179, 0, '2018-07-18 14:42:42'),
(330015, 103043, 6, 0, '2018-07-18 14:42:42'),
(330016, 103045, 180, 0.5, '2018-07-23 21:34:21'),
(330017, 103045, 181, 0.0919699, '2018-08-31 16:37:51'),
(330018, 103045, 182, 0.25, '2018-09-01 10:08:34'),
(330019, 103045, 183, 0.75, '2018-09-01 14:11:09'),
(330020, 103045, 184, 0.25, '2018-08-17 15:22:06'),
(330021, 103045, 6, 0, '2018-07-18 14:49:06'),
(330022, 103042, 185, 0.5, '2018-09-01 14:11:09'),
(330023, 103042, 186, 0, '2018-09-01 10:07:28'),
(330024, 103042, 187, 0, '2018-07-18 14:54:13'),
(330025, 103042, 188, 0, '2018-07-19 14:25:48'),
(330026, 103042, 189, 0, '2018-07-18 14:54:24'),
(330027, 103042, 6, 0, '2018-07-18 14:54:24'),
(330028, 103038, 190, 0.25, '2018-08-17 15:23:39'),
(330029, 103038, 191, 0.75, '2018-09-01 10:09:20'),
(330030, 103038, 192, 0, '2018-07-18 15:00:27'),
(330031, 103038, 193, 0, '2018-07-18 15:00:27'),
(330032, 103038, 194, 0, '2018-07-19 14:25:48'),
(330033, 103038, 6, 0.0919699, '2018-08-31 16:38:22'),
(330034, 103039, 195, 0.34197, '2018-08-31 16:38:22'),
(330035, 103039, 196, 0, '2018-07-19 14:25:48'),
(330036, 103039, 197, 0, '2018-07-18 15:07:05'),
(330037, 103039, 198, 0, '2018-07-19 14:25:48'),
(330038, 103039, 199, 0.75, '2018-09-01 10:09:20'),
(330039, 103039, 6, 0, '2018-07-19 14:25:48'),
(330040, 103047, 200, 0, '2018-07-19 07:51:15'),
(330041, 103047, 201, 0.0919699, '2018-08-31 16:38:22'),
(330042, 103047, 202, 0.25, '2018-08-28 15:30:12'),
(330043, 103047, 203, 0.25, '2018-09-01 10:09:20'),
(330044, 103047, 204, 0.25, '2018-08-17 15:23:39'),
(330045, 103047, 6, 0, '2018-07-19 14:25:48'),
(330046, 103046, 205, 0.25, '2018-08-28 15:29:19'),
(330047, 103046, 206, 0.5, '2018-07-23 21:32:56'),
(330048, 103046, 207, 0.5, '2018-09-01 14:11:09'),
(330049, 103046, 208, 0.25, '2018-09-01 10:08:34'),
(330050, 103046, 209, 0.34197, '2018-08-31 16:37:51'),
(330051, 103046, 6, 0, '2018-07-18 15:39:17'),
(330052, 103040, 210, 0, '2018-07-18 15:44:49'),
(330053, 103040, 211, 0.59197, '2018-08-31 16:38:22'),
(330054, 103040, 212, 0, '2018-07-18 15:45:01'),
(330055, 103040, 213, 0.25, '2018-09-01 10:09:20'),
(330056, 103040, 214, 0.25, '2018-07-23 21:34:21'),
(330057, 103040, 6, 0, '2018-07-18 15:45:09'),
(330058, 103044, 215, 0.25, '2018-09-01 14:11:09'),
(330059, 103044, 216, 0.5, '2018-08-17 15:22:06'),
(330060, 103044, 217, 0, '2018-07-18 15:50:01'),
(330061, 103044, 218, 0.75, '2018-08-28 15:29:19'),
(330062, 103044, 219, 0.34197, '2018-09-01 10:08:34'),
(330063, 103044, 6, 0, '2018-07-18 15:50:08'),
(330064, 103053, 102, 2, '2018-07-19 07:43:08'),
(330065, 103053, 210, 0, '2018-07-19 07:43:08'),
(330066, 103053, 183, 0, '2018-07-19 07:43:20'),
(330067, 103053, 65, 0, '2018-07-19 07:43:20'),
(330068, 103053, 184, 0, '2018-07-19 07:43:31'),
(330069, 103053, 6, 0, '2018-07-19 07:43:31'),
(330070, 103048, 15, 2, '2018-07-19 07:43:56'),
(330071, 103048, 49, 0, '2018-07-19 07:43:56'),
(330072, 103048, 63, 0, '2018-07-19 07:44:08'),
(330073, 103048, 51, 0, '2018-07-19 07:44:08'),
(330074, 103048, 61, 0, '2018-07-19 07:44:18'),
(330075, 103048, 6, 0, '2018-07-19 07:44:18'),
(330076, 103049, 216, 2, '2018-07-19 07:46:39'),
(330077, 103049, 35, 0, '2018-07-19 07:47:02'),
(330078, 103049, 2, 0, '2018-07-19 07:46:49'),
(330079, 103049, 30, 0, '2018-07-19 07:46:59'),
(330080, 103049, 42, 0, '2018-07-19 07:46:55'),
(330081, 103049, 6, 0, '2018-07-19 07:45:04'),
(330082, 103050, 212, 2, '2018-07-19 07:48:00'),
(330083, 103050, 9, 0, '2018-07-19 07:48:00'),
(330084, 103050, 58, 0, '2018-07-19 07:48:11'),
(330085, 103050, 37, 0, '2018-07-19 07:48:11'),
(330086, 103050, 59, 0, '2018-07-19 07:48:20'),
(330087, 103050, 6, 0, '2018-07-19 07:48:20'),
(330088, 103051, 41, 2, '2018-07-19 07:49:02'),
(330089, 103051, 214, 0, '2018-07-19 07:49:02'),
(330090, 103051, 185, 0, '2018-07-19 07:49:13'),
(330091, 103051, 61, 0, '2018-07-19 07:49:13'),
(330092, 103051, 50, 0, '2018-07-19 07:49:23'),
(330093, 103051, 6, 0, '2018-07-19 07:49:23'),
(330094, 103052, 10, 2, '2018-07-19 07:49:48'),
(330095, 103052, 36, 0, '2018-07-19 07:49:48'),
(330096, 103052, 43, 0, '2018-07-19 07:50:00'),
(330097, 103052, 186, 0, '2018-07-19 07:50:00'),
(330098, 103052, 213, 0, '2018-07-19 07:50:09'),
(330099, 103052, 6, 0, '2018-07-19 07:50:09'),
(330100, 103059, 10, 0, '2018-08-29 15:02:36'),
(330101, 103059, 2, 0, '2018-08-29 15:02:36'),
(330102, 103059, 220, 0.25, '2018-09-01 09:58:08'),
(330103, 103059, 11, 0, '2018-08-29 15:03:19'),
(330104, 103059, 51, 0, '2018-08-29 15:03:55'),
(330105, 103059, 6, 0.25, '2018-08-29 15:57:47'),
(330106, 103062, 220, 0, '2018-08-29 15:05:01'),
(330107, 103062, 10, 0.25, '2018-08-29 15:57:47'),
(330108, 103062, 2, 0, '2018-08-29 15:05:11'),
(330109, 103062, 11, 0, '2018-08-29 15:05:11'),
(330110, 103062, 51, 0.25, '2018-09-01 09:58:08'),
(330111, 103062, 6, 0, '2018-08-29 15:05:20'),
(330112, 103055, 221, 0, '2018-08-29 15:13:18'),
(330113, 103055, 222, 0.25, '2018-09-01 09:57:36'),
(330114, 103055, 223, 0, '2018-08-29 15:13:30'),
(330115, 103055, 224, 0.25, '2018-08-29 15:57:05'),
(330116, 103055, 225, 0, '2018-08-29 15:13:45'),
(330117, 103055, 6, 0, '2018-08-29 15:13:45'),
(330118, 103054, 227, 0, '2018-08-29 15:22:43'),
(330119, 103054, 228, 0, '2018-08-29 15:22:43'),
(330120, 103054, 24, 0.25, '2018-09-01 09:57:36'),
(330121, 103054, 226, 0.25, '2018-08-29 15:57:05'),
(330122, 103054, 6, 0, '2018-08-29 15:23:14'),
(330123, 103054, 58, 0, '2018-08-29 15:23:14'),
(330124, 103058, 229, 0.25, '2018-09-01 09:58:08'),
(330125, 103058, 230, 0.25, '2018-08-29 15:57:47'),
(330126, 103058, 231, 0, '2018-08-29 15:29:34'),
(330127, 103058, 232, 0, '2018-08-29 15:29:34'),
(330128, 103058, 31, 0, '2018-08-29 15:29:43'),
(330129, 103058, 6, 0, '2018-08-29 15:29:43'),
(330130, 103060, 9, 0, '2018-08-29 15:30:57'),
(330131, 103060, 2, 0.5, '2018-09-01 09:58:08'),
(330132, 103060, 10, 0, '2018-08-29 15:31:08'),
(330133, 103060, 34, 0, '2018-08-29 15:31:08'),
(330134, 103060, 51, 0, '2018-08-29 15:31:20'),
(330135, 103060, 6, 0, '2018-08-29 15:31:20'),
(330136, 103056, 233, 0.5, '2018-09-01 09:57:36'),
(330137, 103056, 234, 0, '2018-08-29 15:37:55'),
(330138, 103056, 235, 0, '2018-08-29 15:38:06'),
(330139, 103056, 236, 0, '2018-08-29 15:38:06'),
(330140, 103056, 25, 0, '2018-08-29 15:38:16'),
(330141, 103056, 6, 0, '2018-08-29 15:38:16'),
(330142, 103061, 237, 0, '2018-08-29 15:43:51'),
(330143, 103061, 238, 0.25, '2018-08-29 15:57:47'),
(330144, 103061, 239, 0, '2018-08-29 15:44:01'),
(330145, 103061, 240, 0.25, '2018-09-01 09:58:08'),
(330146, 103061, 241, 0, '2018-08-29 15:44:10'),
(330147, 103061, 6, 0, '2018-08-29 15:44:10'),
(330148, 103057, 228, 0, '2018-08-29 15:47:59'),
(330149, 103057, 243, 0.25, '2018-08-29 15:57:05'),
(330150, 103057, 235, 0, '2018-08-29 15:48:12'),
(330151, 103057, 242, 0.25, '2018-09-01 09:57:36'),
(330152, 103057, 232, 0, '2018-08-29 15:48:26'),
(330153, 103057, 6, 0, '2018-08-29 15:48:26'),
(330154, 103063, 244, 0, '2018-08-29 15:54:10'),
(330155, 103063, 245, 0, '2018-08-29 15:54:10'),
(330156, 103063, 246, 0.25, '2018-08-29 15:57:05'),
(330157, 103063, 247, 0, '2018-08-29 15:54:19'),
(330158, 103063, 248, 0, '2018-08-29 15:54:28'),
(330159, 103063, 6, 0.25, '2018-09-01 09:57:36'),
(330160, 103071, 94, 0, '2018-08-30 10:00:10'),
(330161, 103071, 91, 0, '2018-08-30 10:00:10'),
(330162, 103071, 259, 0, '2018-08-30 10:00:24'),
(330163, 103071, 95, 0, '2018-08-30 10:00:24'),
(330164, 103071, 260, 0.5, '2018-09-01 10:01:33'),
(330165, 103071, 6, 0, '2018-08-30 10:00:33'),
(330166, 103065, 261, 0, '2018-08-30 10:05:49'),
(330167, 103065, 262, 0, '2018-08-30 10:05:49'),
(330168, 103065, 263, 0, '2018-08-30 10:06:01'),
(330169, 103065, 264, 0, '2018-08-30 10:06:01'),
(330170, 103065, 265, 0.25, '2018-09-01 10:02:37'),
(330171, 103065, 6, 0, '2018-08-30 10:06:14'),
(330172, 103066, 266, 0.25, '2018-09-01 10:02:37'),
(330173, 103066, 267, 0, '2018-08-30 10:23:20'),
(330174, 103066, 268, 0, '2018-08-30 10:23:34'),
(330175, 103066, 269, 0, '2018-08-30 10:23:34'),
(330176, 103066, 270, 0, '2018-08-30 10:23:45'),
(330177, 103066, 6, 0, '2018-08-30 10:23:45'),
(330178, 103070, 271, 0, '2018-08-30 13:53:06'),
(330179, 103070, 273, 0, '2018-08-30 13:53:06'),
(330180, 103070, 266, 0.25, '2018-08-30 14:31:39'),
(330181, 103070, 272, 0, '2018-08-30 13:53:18'),
(330182, 103070, 103, 0.25, '2018-09-01 10:01:33'),
(330183, 103070, 6, 0, '2018-08-30 13:53:27'),
(330184, 103067, 274, 0.25, '2018-09-01 10:02:37'),
(330185, 103067, 275, 0, '2018-08-30 13:58:31'),
(330186, 103067, 276, 0, '2018-08-30 13:58:40'),
(330187, 103067, 277, 0, '2018-08-30 13:58:40'),
(330188, 103067, 76, 0, '2018-08-30 13:58:49'),
(330189, 103067, 6, 0, '2018-08-30 13:58:49'),
(330190, 103069, 278, 0, '2018-08-30 14:04:47'),
(330191, 103069, 279, 0, '2018-08-30 14:04:47'),
(330192, 103069, 280, 0.25, '2018-08-30 14:31:39'),
(330193, 103069, 281, 0, '2018-08-30 14:04:59'),
(330194, 103069, 104, 0.25, '2018-09-01 10:01:33'),
(330195, 103069, 6, 0, '2018-08-30 14:05:11'),
(330196, 103072, 282, 0.25, '2018-09-01 10:01:33'),
(330197, 103072, 283, 0, '2018-08-30 14:09:10'),
(330198, 103072, 284, 0, '2018-08-30 14:09:23'),
(330199, 103072, 285, 0.25, '2018-08-30 14:31:39'),
(330200, 103072, 265, 0, '2018-08-30 14:09:35'),
(330201, 103072, 6, 0, '2018-08-30 14:09:35'),
(330202, 103064, 286, 0, '2018-08-30 14:17:11'),
(330203, 103064, 287, 0, '2018-08-30 14:17:11'),
(330204, 103064, 288, 0.25, '2018-09-01 10:02:37'),
(330205, 103064, 289, 0, '2018-08-30 14:17:19'),
(330206, 103064, 290, 0, '2018-08-30 14:17:29'),
(330207, 103064, 6, 0, '2018-08-30 14:17:29'),
(330208, 103068, 271, 0, '2018-08-30 14:22:53'),
(330209, 103068, 16, 0, '2018-08-30 14:22:53'),
(330210, 103068, 15, 0.25, '2018-09-01 10:02:37'),
(330211, 103068, 291, 0, '2018-08-30 14:23:15'),
(330212, 103068, 266, 0.25, '2018-08-30 14:31:39'),
(330213, 103068, 6, 0, '2018-08-30 14:23:23'),
(330214, 103073, 292, 0, '2018-08-30 14:28:40'),
(330215, 103073, 293, 0, '2018-08-30 14:28:40'),
(330216, 103073, 294, 0, '2018-08-30 14:28:49'),
(330217, 103073, 295, 0, '2018-08-30 14:28:49'),
(330218, 103073, 296, 0.5, '2018-09-01 10:01:33'),
(330219, 103073, 6, 0, '2018-08-30 14:28:56'),
(330220, 103077, 297, 0.25, '2018-09-01 10:10:03'),
(330221, 103077, 298, 0, '2018-08-31 15:37:15'),
(330222, 103077, 299, 0, '2018-08-31 15:37:24'),
(330223, 103077, 192, 0, '2018-08-31 15:37:24'),
(330224, 103077, 174, 0, '2018-08-31 15:37:33'),
(330225, 103077, 6, 0.0919699, '2018-08-31 16:38:50'),
(330226, 103079, 300, 0, '2018-08-31 15:42:16'),
(330227, 103079, 301, 0.25, '2018-09-01 10:10:03'),
(330228, 103079, 302, 0, '2018-08-31 15:42:23'),
(330229, 103079, 303, 0, '2018-08-31 15:42:23'),
(330230, 103079, 304, 0.0919699, '2018-08-31 16:38:50'),
(330231, 103079, 6, 0, '2018-08-31 15:42:31'),
(330232, 103074, 215, 0.25, '2018-09-01 10:11:18'),
(330233, 103074, 305, 0, '2018-08-31 15:47:39'),
(330234, 103074, 306, 0, '2018-08-31 15:47:49'),
(330235, 103074, 307, 0, '2018-08-31 15:47:49'),
(330236, 103074, 308, 0, '2018-08-31 15:47:57'),
(330237, 103074, 6, 0, '2018-08-31 15:47:57'),
(330238, 103082, 309, 0, '2018-08-31 16:03:14'),
(330239, 103082, 310, 0.25, '2018-09-01 10:11:18'),
(330240, 103082, 311, 0, '2018-08-31 16:03:21'),
(330241, 103082, 312, 0, '2018-08-31 16:03:21'),
(330242, 103082, 313, 0, '2018-08-31 16:03:37'),
(330243, 103082, 6, 0, '2018-08-31 16:03:37'),
(330244, 103078, 314, 0, '2018-08-31 16:08:36'),
(330245, 103078, 315, 0.25, '2018-09-01 10:10:03'),
(330246, 103078, 316, 0, '2018-08-31 16:08:53'),
(330247, 103078, 317, 0, '2018-08-31 16:08:53'),
(330248, 103078, 318, 0, '2018-08-31 16:09:04'),
(330249, 103078, 6, 0.0919699, '2018-08-31 16:38:50'),
(330250, 103081, 319, 0.0919699, '2018-08-31 16:38:50'),
(330251, 103081, 320, 0, '2018-08-31 16:14:15'),
(330252, 103081, 321, 0.25, '2018-09-01 10:11:18'),
(330253, 103081, 322, 0, '2018-08-31 16:14:25'),
(330254, 103081, 323, 0, '2018-08-31 16:14:35'),
(330255, 103081, 6, 0, '2018-08-31 16:14:35'),
(330256, 103075, 324, 0, '2018-08-31 16:18:52'),
(330257, 103075, 325, 0.25, '2018-09-01 10:11:18'),
(330258, 103075, 326, 0, '2018-08-31 16:19:03'),
(330259, 103075, 327, 0, '2018-08-31 16:19:03'),
(330260, 103075, 328, 0, '2018-08-31 16:19:12'),
(330261, 103075, 6, 0, '2018-08-31 16:19:12'),
(330262, 103080, 329, 0, '2018-08-31 16:23:41'),
(330263, 103080, 330, 0.0919699, '2018-08-31 16:38:50'),
(330264, 103080, 331, 0.25, '2018-09-01 10:10:03'),
(330265, 103080, 332, 0, '2018-08-31 16:23:52'),
(330266, 103080, 333, 0, '2018-08-31 16:23:59'),
(330267, 103080, 6, 0, '2018-08-31 16:23:59'),
(330268, 103083, 334, 0, '2018-08-31 16:28:17'),
(330269, 103083, 335, 0, '2018-08-31 16:28:17'),
(330270, 103083, 336, 0, '2018-08-31 16:28:24'),
(330271, 103083, 337, 0, '2018-08-31 16:28:24'),
(330272, 103083, 171, 0.25, '2018-09-01 10:11:18'),
(330273, 103083, 6, 0, '2018-08-31 16:28:33'),
(330274, 103076, 338, 0, '2018-08-31 16:33:33'),
(330275, 103076, 339, 0, '2018-08-31 16:33:33'),
(330276, 103076, 340, 0, '2018-08-31 16:33:41'),
(330277, 103076, 341, 0.25, '2018-09-01 10:10:03'),
(330278, 103076, 342, 0.0919699, '2018-08-31 16:38:22'),
(330279, 103076, 6, 0, '2018-08-31 16:33:49'),
(330280, 103084, 282, 0, '2018-09-01 09:33:40'),
(330281, 103084, 226, 2, '2018-09-01 09:33:40'),
(330282, 103084, 245, 0, '2018-09-01 09:33:54'),
(330283, 103084, 221, 0, '2018-09-01 09:33:54'),
(330284, 103084, 270, 0, '2018-09-01 09:34:02'),
(330285, 103084, 6, 0, '2018-09-01 09:34:02'),
(330286, 103085, 230, 0, '2018-09-01 09:35:14'),
(330287, 103085, 272, 0, '2018-09-01 09:35:14'),
(330288, 103085, 239, 2, '2018-09-01 09:35:30'),
(330289, 103085, 317, 0, '2018-09-01 09:35:30'),
(330290, 103085, 99, 0, '2018-09-01 09:35:38'),
(330291, 103085, 6, 0, '2018-09-01 09:35:38'),
(330292, 103086, 222, 0, '2018-09-01 09:36:06'),
(330293, 103086, 234, 0, '2018-09-01 09:36:06'),
(330294, 103086, 309, 0, '2018-09-01 09:36:16'),
(330295, 103086, 318, 0, '2018-09-01 09:36:16'),
(330296, 103086, 246, 2, '2018-09-01 09:36:24'),
(330297, 103086, 6, 0, '2018-09-01 09:36:24'),
(330298, 103087, 236, 0, '2018-09-01 09:52:24'),
(330299, 103087, 227, 0, '2018-09-01 09:52:24'),
(330300, 103087, 306, 0, '2018-09-01 09:52:36'),
(330301, 103087, 316, 0, '2018-09-01 09:52:36'),
(330302, 103087, 281, 2, '2018-09-01 09:52:45'),
(330303, 103087, 6, 0, '2018-09-01 09:52:45'),
(330304, 103088, 266, 2, '2018-09-01 09:53:08'),
(330305, 103088, 283, 0, '2018-09-01 09:53:08'),
(330306, 103088, 25, 0, '2018-09-01 09:53:19'),
(330307, 103088, 314, 0, '2018-09-01 09:53:19'),
(330308, 103088, 248, 0, '2018-09-01 09:53:29'),
(330309, 103088, 6, 0, '2018-09-01 09:53:29'),
(330310, 103089, 275, 2, '2018-09-01 09:53:49'),
(330311, 103089, 9, 0, '2018-09-01 09:53:49'),
(330312, 103089, 228, 0, '2018-09-01 09:53:59'),
(330313, 103089, 183, 0, '2018-09-01 09:53:59'),
(330314, 103089, 213, 0, '2018-09-01 09:54:08'),
(330315, 103089, 6, 0, '2018-09-01 09:54:08'),
(330316, 103090, 238, 0, '2018-09-01 09:54:29'),
(330317, 103090, 291, 0, '2018-09-01 09:54:29'),
(330318, 103090, 308, 2, '2018-09-01 09:54:41'),
(330319, 103090, 2, 0, '2018-09-01 09:54:41'),
(330320, 103090, 284, 0, '2018-09-01 09:54:52'),
(330321, 103090, 6, 0, '2018-09-01 09:54:52'),
(330322, 103091, 185, 2, '2018-09-01 09:55:09'),
(330323, 103091, 261, 0, '2018-09-01 09:55:09'),
(330324, 103091, 223, 0, '2018-09-01 09:55:19'),
(330325, 103091, 243, 0, '2018-09-01 09:55:19'),
(330326, 103091, 247, 0, '2018-09-01 09:55:31'),
(330327, 103091, 6, 0, '2018-09-01 09:55:31'),
(330328, 103092, 51, 0, '2018-09-01 09:55:50'),
(330329, 103092, 40, 0, '2018-09-01 09:55:50'),
(330330, 103092, 219, 0, '2018-09-01 09:56:01'),
(330331, 103092, 317, 2, '2018-09-01 09:56:01'),
(330332, 103092, 267, 0, '2018-09-01 09:56:10'),
(330333, 103092, 6, 0, '2018-09-01 09:56:10');

-- --------------------------------------------------------

--
-- Struttura della tabella `round`
--

CREATE TABLE `round` (
  `idRound` int(11) NOT NULL,
  `startRound` timestamp NOT NULL DEFAULT CURRENT_TIMESTAMP,
  `endRound` timestamp NOT NULL DEFAULT '0000-00-00 00:00:00',
  `idUser` int(11) NOT NULL,
  `score` int(11) NOT NULL
) ENGINE=InnoDB DEFAULT CHARSET=utf8;

--
-- Dump dei dati per la tabella `round`
--

INSERT INTO `round` (`idRound`, `startRound`, `endRound`, `idUser`, `score`) VALUES
(1, '2018-07-20 10:56:05', '2018-07-20 10:57:20', 1, 200),
(2, '2018-07-20 10:57:58', '2018-07-20 10:59:14', 1, 50),
(3, '2018-07-20 11:00:06', '2018-07-20 11:01:24', 1, 50),
(4, '2018-07-22 17:29:13', '2018-07-22 17:30:27', 2, 50),
(5, '2018-07-22 17:30:48', '2018-07-22 17:31:51', 2, 50),
(6, '2018-07-22 17:31:55', '0000-00-00 00:00:00', 2, 0),
(7, '2018-07-22 17:32:11', '2018-07-22 17:33:24', 2, 150),
(8, '2018-07-22 17:33:27', '2018-07-22 17:34:37', 2, 50),
(9, '2018-07-23 21:31:40', '2018-07-23 21:32:56', 3, 150),
(10, '2018-07-23 21:33:18', '2018-07-23 21:34:21', 3, 200),
(11, '2018-07-23 21:34:25', '2018-07-23 21:35:26', 3, 450),
(12, '2018-07-23 21:35:31', '2018-07-23 21:36:20', 3, 100),
(13, '2018-08-17 15:14:42', '2018-08-17 15:15:54', 1, 50),
(14, '2018-08-17 15:16:22', '2018-08-17 15:17:33', 1, 0),
(15, '2018-08-17 15:17:41', '2018-08-17 15:19:01', 1, 100),
(16, '2018-08-17 15:20:54', '2018-08-17 15:22:06', 1, 200),
(17, '2018-08-17 15:22:22', '2018-08-17 15:23:39', 1, 150),
(18, '2018-08-17 15:24:24', '0000-00-00 00:00:00', 1, 0),
(19, '2018-08-17 15:24:46', '2018-08-17 15:26:06', 1, 50),
(20, '2018-08-28 15:25:04', '0000-00-00 00:00:00', 2, 0),
(21, '2018-08-28 15:25:26', '2018-08-28 15:26:01', 2, 300),
(22, '2018-08-28 15:26:03', '2018-08-28 15:26:47', 2, 100),
(23, '2018-08-28 15:26:48', '0000-00-00 00:00:00', 2, 0),
(24, '2018-08-28 15:27:05', '2018-08-28 15:27:55', 2, 50),
(25, '2018-08-28 15:27:56', '2018-08-28 15:28:37', 2, 200),
(26, '2018-08-28 15:28:39', '2018-08-28 15:29:19', 2, 200),
(27, '2018-08-28 15:29:20', '2018-08-28 15:30:12', 2, 200),
(28, '2018-08-29 15:56:23', '2018-08-29 15:57:05', 2, 50),
(29, '2018-08-29 15:57:06', '2018-08-29 15:57:47', 2, 50),
(30, '2018-08-29 15:57:50', '2018-08-29 15:58:28', 2, 50),
(31, '2018-08-29 15:58:30', '0000-00-00 00:00:00', 2, 0),
(32, '2018-08-30 14:29:42', '2018-08-30 14:30:20', 1, 150),
(33, '2018-08-30 14:30:21', '2018-08-30 14:30:55', 1, 50),
(34, '2018-08-30 14:30:56', '2018-08-30 14:31:39', 1, 50),
(35, '2018-08-30 14:31:40', '0000-00-00 00:00:00', 1, 0),
(36, '2018-08-31 16:37:18', '2018-08-31 16:37:51', 1, 0),
(37, '2018-08-31 16:37:52', '2018-08-31 16:38:22', 1, 0),
(38, '2018-08-31 16:38:23', '2018-08-31 16:38:50', 1, 0),
(39, '2018-08-31 16:38:51', '0000-00-00 00:00:00', 1, 0),
(40, '2018-09-01 09:56:59', '2018-09-01 09:57:36', 1, 50),
(41, '2018-09-01 09:57:37', '2018-09-01 09:58:08', 1, 100),
(42, '2018-09-01 09:58:09', '2018-09-01 09:58:54', 1, 0),
(43, '2018-09-01 09:58:55', '2018-09-01 09:59:32', 1, 150),
(44, '2018-09-01 09:59:33', '0000-00-00 00:00:00', 1, 0),
(45, '2018-09-01 09:59:46', '2018-09-01 10:00:25', 1, 150),
(46, '2018-09-01 10:00:26', '2018-09-01 10:00:59', 1, 50),
(47, '2018-09-01 10:01:00', '2018-09-01 10:01:33', 1, 100),
(48, '2018-09-01 10:01:34', '2018-09-01 10:02:37', 1, 50),
(49, '2018-09-01 10:02:39', '0000-00-00 00:00:00', 1, 0),
(50, '2018-09-01 10:02:59', '0000-00-00 00:00:00', 1, 0),
(51, '2018-09-01 10:05:16', '0000-00-00 00:00:00', 1, 0),
(52, '2018-09-01 10:07:59', '2018-09-01 10:08:34', 1, 50),
(53, '2018-09-01 10:08:35', '2018-09-01 10:09:20', 1, 150),
(54, '2018-09-01 10:09:22', '2018-09-01 10:10:03', 1, 150),
(55, '2018-09-01 10:10:04', '2018-09-01 10:11:18', 1, 200),
(56, '2018-09-01 10:11:19', '0000-00-00 00:00:00', 1, 0),
(57, '2018-09-01 14:10:42', '2018-09-01 14:11:09', 1, 50);

-- --------------------------------------------------------

--
-- Struttura della tabella `topic`
--

CREATE TABLE `topic` (
  `idTopic` int(16) NOT NULL,
  `refId` varchar(256) DEFAULT NULL,
  `value` varchar(256) DEFAULT NULL,
  `label` varchar(45) NOT NULL,
  `url` varchar(256) DEFAULT NULL,
  `weight` float DEFAULT NULL
) ENGINE=InnoDB DEFAULT CHARSET=utf8 ROW_FORMAT=DYNAMIC;

--
-- Dump dei dati per la tabella `topic`
--

INSERT INTO `topic` (`idTopic`, `refId`, `value`, `label`, `url`, `weight`) VALUES
(1, NULL, 'black', 'BLACK_DESCRIPTION', NULL, 0.016),
(2, NULL, 'city', 'Matteo Salvini', 'analogy/topic/matteoSalvini.png', 0.719),
(3, NULL, 'stars', 'STARS_DESCRIPTION', NULL, 0.021),
(4, NULL, 'aurora', 'AURORA_DESCRIPTION', NULL, 0.147),
(5, NULL, 'astronaut', 'ISS_DESCRIPTION', NULL, 0.006),
(6, NULL, 'none', 'NONE_DESCRIPTION', 'analogy/topic/none.png', 0.091),
(7, NULL, '404', 'NO_PHOTO_DESCRIPTION', NULL, NULL),
(8, NULL, 'unknown', 'I_DONT_KNOW_DESCRIPTION', NULL, NULL),
(9, NULL, 'silvio', 'Silvio Berlusconi', 'analogy/topic/silvioBerlusconi.png', 0.5),
(10, NULL, 'Mattarella', 'Sergio Mattarella', 'analogy/topic/sergioMattarella.png', 0.3),
(11, NULL, 'Renzi', 'Matteo Renzi', 'analogy/topic/matteoRenzi.png', 0.5),
(12, NULL, 'Gentiloni', 'Paolo Gentiloni', 'analogy/topic/paoloGentiloni.png', 0.4),
(13, NULL, NULL, 'David Bowie', 'analogy/topic/bowie.png', 0.3),
(14, NULL, NULL, 'Elvis Presley', 'analogy/topic/elvis.png', 0.3),
(15, NULL, NULL, 'Jimi Hendrix', 'analogy/topic/hendrix.png', 0.3),
(16, NULL, NULL, 'Mick Jagger', 'analogy/topic/jagger.png', 0.3),
(17, NULL, NULL, 'Kurt Cobain', 'analogy/topic/kurt.png', 0.3),
(18, NULL, NULL, 'I Goonies', 'analogy/topic/goonies.png', 0.3),
(19, NULL, NULL, 'Harry Potter', 'analogy/topic/harry.png', 0.3),
(20, NULL, NULL, 'Hook - Capitano uncino', 'analogy/topic/hook.png', 0.3),
(21, NULL, NULL, 'Jumanji', 'analogy/topic/jumanji.png', 0.3),
(22, NULL, NULL, 'Il signore degli anelli', 'analogy/topic/lord.png', 0.3),
(23, NULL, NULL, 'Giulio Cesare', 'analogy/topic/cesare.png', 0.3),
(24, NULL, NULL, 'Cristoforo Colombo', 'analogy/topic/colombo.png', 0.3),
(25, NULL, NULL, 'Dante Alighieri', 'analogy/topic/dante.png', 0.3),
(26, NULL, NULL, 'Giuseppe Garibaldi', 'analogy/topic/garibaldi.png', 0.3),
(27, NULL, NULL, 'Benito Mussolini', 'analogy/topic/mussolini.png', 0.3),
(28, NULL, NULL, 'William Blake', 'analogy/topic/blake.png', 0.3),
(29, NULL, NULL, 'John Milton', 'analogy/topic/milton.png', 0.3),
(30, NULL, NULL, 'George Orwell', 'analogy/topic/orwell.png', 0.3),
(31, NULL, NULL, 'William Shakespeare', 'analogy/topic/william.png', 0.3),
(32, NULL, NULL, 'William Wordsworth', 'analogy/topic/wordsworth.png', 0.3),
(33, NULL, NULL, 'Enrico Letta', 'analogy/topic/letta.png', 0.3),
(34, NULL, NULL, 'Giorgio Napolitano', 'analogy/topic/napolitano.png', 0.3),
(35, NULL, NULL, 'Alan Turing', 'analogy/topic/turing.png', 0.3),
(36, NULL, NULL, 'John Von Neumann', 'analogy/topic/von.png', 0.3),
(37, NULL, NULL, 'Steve Jobs', 'analogy/topic/jobs.png', 0.3),
(38, NULL, NULL, 'László Bíró', 'analogy/topic/biro.png', 0.3),
(39, NULL, NULL, 'Tim-Berners Lee', 'analogy/topic/tim.png', 0.3),
(40, NULL, NULL, 'Gianni Agnelli', 'analogy/topic/agnelli.png', 0.3),
(41, NULL, NULL, 'Enzo Ferrari', 'analogy/topic/ferrari.png', 0.3),
(42, NULL, NULL, 'Michele Ferrero', 'analogy/topic/ferrero.png', 0.3),
(43, NULL, NULL, 'Ferruccio Lamborghini', 'analogy/topic/lamborghini.png', 0.3),
(44, NULL, NULL, 'Renzo Piano', 'analogy/topic/piano.png', 0.3),
(45, NULL, NULL, 'Daria Bignardi', 'analogy/topic/bignardi.png', 0.3),
(46, NULL, NULL, 'Paolo Bonolis', 'analogy/topic/bonolis.png', 0.3),
(47, NULL, NULL, 'Alessandro Cattelan', 'analogy/topic/cattelan.png', 0.3),
(48, NULL, NULL, 'Fabio Fazio', 'analogy/topic/fazio.png', 0.3),
(49, NULL, NULL, 'Gerry Scotti', 'analogy/topic/scotti.png', 0.3),
(50, NULL, NULL, 'Giorgia Meloni', 'analogy/topic/meloni.png', 0.3),
(51, NULL, NULL, 'Luigi Di Maio', 'analogy/topic/diMaio.png', 0.3),
(52, NULL, NULL, 'Bashar al-Assad', 'analogy/topic/assad.png', 0.3),
(53, NULL, NULL, 'Lê Duẩn', 'analogy/topic/duan.png', 0.3),
(54, NULL, NULL, 'Kim Jong-un', 'analogy/topic/kim.png', 0.3),
(55, NULL, NULL, 'Mao Tse-tung', 'analogy/topic/mao.png', 0.3),
(56, NULL, NULL, 'Saddam Hussein', 'analogy/topic/saddam.png', 0.3),
(57, NULL, NULL, 'Niccolò Copernico', 'analogy/topic/copernico.png', 0.3),
(58, NULL, NULL, 'Galileo Galilei', 'analogy/topic/galileo.png', 0.3),
(59, NULL, NULL, 'Giovanni Keplero', 'analogy/topic/keplero.png', 0.3),
(60, NULL, NULL, 'Isaac Newton', 'analogy/topic/newton.png', 0.3),
(61, NULL, NULL, 'Blaise Pascal', 'analogy/topic/pascal.png', 0.3),
(62, NULL, NULL, 'Francesco II d’Asburgo-Lorena', 'analogy/topic/asburgo.png', 0.3),
(63, NULL, NULL, 'Adolf Hitler', 'analogy/topic/hitler.png', 0.3),
(64, NULL, NULL, 'Napoleone Bonaparte', 'analogy/topic/napoleone.png', 0.3),
(65, NULL, NULL, 'Iosif Stalin', 'analogy/topic/stalin.png', 0.3),
(66, NULL, NULL, 'Vittorio Emanuele III', 'analogy/topic/vittorio.png', 0.3),
(67, NULL, NULL, 'Eric Clapton', 'analogy/topic/clapton.png', 0.3),
(68, NULL, NULL, 'David Gilmour', 'analogy/topic/gilmour.png', 0.3),
(69, NULL, NULL, 'Jimmy Page', 'analogy/topic/page.png', 0.3),
(70, NULL, NULL, 'Carlos Santana', 'analogy/topic/santana.png', 0.3),
(71, NULL, NULL, 'John Bonham', 'analogy/topic/bonham.png', 0.3),
(72, NULL, NULL, 'Dave Grohl', 'analogy/topic/grohl.png', 0.3),
(73, NULL, NULL, 'Phil Collins', 'analogy/topic/collins.png', 0.3),
(74, NULL, NULL, 'Keith Moon', 'analogy/topic/moon.png', 0.3),
(75, NULL, NULL, 'Ringo Starr', 'analogy/topic/ringo.png', 0.3),
(76, NULL, NULL, 'Lucio Battisti', 'analogy/topic/battisti.png', 0.3),
(77, NULL, NULL, 'Tiziano Ferro', 'analogy/topic/ferro.png', 0.3),
(78, NULL, NULL, 'Gigi D\'Alessio', 'analogy/topic/gigi.png', 0.3),
(79, NULL, NULL, 'Jovanotti', 'analogy/topic/Jovanotti.png', 0.3),
(80, NULL, NULL, 'Luciano Ligabue', 'analogy/topic/ligabue.png', 0.3),
(81, NULL, NULL, 'Banco del mutuo soccorso', 'analogy/topic/banco.png', 0.3),
(82, NULL, NULL, 'Elio e le storie tese', 'analogy/topic/elio.png', 0.3),
(83, NULL, NULL, 'Le orme', 'analogy/topic/orme.png', 0.3),
(84, NULL, NULL, 'PFM', 'analogy/topic/pfm.png', 0.3),
(85, NULL, NULL, 'Pooh', 'analogy/topic/pooh.png', 0.3),
(86, NULL, NULL, 'David Guetta', 'analogy/topic/guetta.png', 0.3),
(87, NULL, NULL, 'Bob Sinclair', 'analogy/topic/sinclair.png', 0.3),
(88, NULL, NULL, 'Eiffel 65', 'analogy/topic/eiffel.png', 0.3),
(89, NULL, NULL, 'Gigi D\'Agostino', 'analogy/topic/gigidag.png', 0.3),
(90, NULL, NULL, 'Pussycat Dolls', 'analogy/topic/pussycat.png', 0.3),
(91, NULL, NULL, 'Blur', 'analogy/topic/blur.png', 0.3),
(92, NULL, NULL, 'Coldplay', 'analogy/topic/coldplay.png', 0.3),
(93, NULL, NULL, 'Metallica', 'analogy/topic/metallica.png', 0.3),
(94, NULL, NULL, 'Oasis', 'analogy/topic/oasis.png', 0.3),
(95, NULL, NULL, 'The Verve', 'analogy/topic/verve.png', 0.3),
(96, NULL, NULL, 'Caparezza', 'analogy/topic/caparezza.png', 0.3),
(97, NULL, NULL, 'Fabri Fibra', 'analogy/topic/fabri.png', 0.3),
(98, NULL, NULL, 'Fedez', 'analogy/topic/fedez.png', 0.3),
(99, NULL, NULL, 'J-Ax', 'analogy/topic/jax.png', 0.3),
(100, NULL, NULL, 'Fabio Rovazzi', 'analogy/topic/rovazzi.png', 0.3),
(101, NULL, NULL, 'Bob Dylan', 'analogy/topic/dylan.png', 0.3),
(102, NULL, NULL, 'Paul McCartney', 'analogy/topic/mccartney.png', 0.3),
(103, NULL, NULL, 'Jim Morrison', 'analogy/topic/morrison.png', 0.3),
(104, NULL, NULL, 'Roger Waters', 'analogy/topic/waters.png', 0.3),
(105, NULL, NULL, 'Frank Zappa', 'analogy/topic/zappa.png', 0.3),
(106, NULL, NULL, 'The Kiss', 'analogy/topic/kiss.png', 0.3),
(107, NULL, NULL, 'Iron Maiden', 'analogy/topic/maiden.png', 0.3),
(108, NULL, NULL, 'Pantera', 'analogy/topic/pantera.png', 0.3),
(109, NULL, NULL, 'Motorhead', 'analogy/topic/motorhead.png', 0.3),
(110, NULL, NULL, 'Chick Corea', 'analogy/topic/corea.png', 0.3),
(111, NULL, NULL, 'Keith Emerson', 'analogy/topic/emerson.png', 0.3),
(112, NULL, NULL, 'Herbie Hancock', 'analogy/topic/hancock.png', 0.3),
(113, NULL, NULL, 'Jon Lord', 'analogy/topic/jlord.png', 0.3),
(114, NULL, NULL, 'Jordan Rudess', 'analogy/topic/rudess.png', 0.3),
(170, NULL, NULL, 'Apocalypse now', 'analogy/topic/apocalypse.png', 0.3),
(171, NULL, NULL, 'Il cacciatore', 'analogy/topic/cacciatore.png', 0.3),
(172, NULL, NULL, 'Full Metal Jacket', 'analogy/topic/fullMetal.png', 0.3),
(173, NULL, NULL, 'Pearl Harbor', 'analogy/topic/pearl.png', 0.3),
(174, NULL, NULL, 'Salvate il soldato Ryan', 'analogy/topic/ryan.png', 0.3),
(175, NULL, NULL, 'The Rocky Horror picture show', 'analogy/topic/rockyh.png', 0.3),
(176, NULL, NULL, 'The Blues Brothers', 'analogy/topic/blues.png', 0.3),
(177, NULL, NULL, 'Grease', 'analogy/topic/grease.png', 0.3),
(178, NULL, NULL, 'Jesus Christ Superstar', 'analogy/topic/jesus.png', 0.3),
(179, NULL, NULL, 'Tommy', 'analogy/topic/tommy.png', 0.3),
(180, NULL, NULL, 'George Romero', 'analogy/topic/romero.png', 0.3),
(181, NULL, NULL, 'Guillermo del Toro', 'analogy/topic/delToro.png', 0.3),
(182, NULL, NULL, 'Sam Raimi', 'analogy/topic/raimi.png', 0.3),
(183, NULL, NULL, 'Dario Argento ', 'analogy/topic/argento.png', 0.3),
(184, NULL, NULL, 'Steven King', 'analogy/topic/king.png', 0.3),
(185, NULL, NULL, 'Monica Bellucci', 'analogy/topic/bellucci.png', 0.3),
(186, NULL, NULL, 'Anna Magnani', 'analogy/topic/magnani.png', 0.3),
(187, NULL, NULL, 'Asia Argento', 'analogy/topic/argentoA.png', 0.3),
(188, NULL, NULL, 'Nicoletta Braschi', 'analogy/topic/braschi.png', 0.3),
(189, NULL, NULL, 'Sophia Loren', 'analogy/topic/loren.png', 0.3),
(190, NULL, NULL, 'Ritorno al futuro', 'analogy/topic/back.png', 0.3),
(191, NULL, NULL, 'Blade runner', 'analogy/topic/blade.png', 0.3),
(192, NULL, NULL, 'E. T. L\'extraterrestre', 'analogy/topic/et.png', 0.3),
(193, NULL, NULL, 'Il ritorno dello Jedi', 'analogy/topic/ritorno.png', 0.3),
(194, NULL, NULL, 'Robocop', 'analogy/topic/robocop.png', 0.3),
(195, NULL, NULL, 'Le iene', 'analogy/topic/iene.png', 0.3),
(196, NULL, NULL, 'Django Unchained', 'analogy/topic/django.png', 0.3),
(197, NULL, NULL, 'Bastardi senza gloria', 'analogy/topic/bastardi.png', 0.3),
(198, NULL, NULL, 'Kill Bill ', 'analogy/topic/killBill.png', 0.3),
(199, NULL, NULL, 'Pulp Fiction', 'analogy/topic/pulp.png', 0.3),
(200, NULL, NULL, 'Lemony Snicket\'s', 'analogy/topic/lemony.png', 0.3),
(201, NULL, NULL, 'Bugiardo bugiardo', 'analogy/topic/bugiardo.png', 0.3),
(202, NULL, NULL, 'Il Grinch', 'analogy/topic/grinch.png', 0.3),
(203, NULL, NULL, 'Ace Ventura', 'analogy/topic/ace.png', 0.3),
(204, NULL, NULL, 'The Mask', 'analogy/topic/mask.png', 0.3),
(205, NULL, NULL, 'Breaking Bad', 'analogy/topic/brBa.png', 0.3),
(206, NULL, NULL, 'A-Team', 'analogy/topic/aTeam.png', 0.3),
(207, NULL, NULL, 'Magnum P.I.', 'analogy/topic/magnum.png', 0.3),
(208, NULL, NULL, 'Mr. Robot', 'analogy/topic/mrRobot.png', 0.3),
(209, NULL, NULL, 'The Walking Dead', 'analogy/topic/walking.png', 0.3),
(210, NULL, NULL, 'Al Pacino', 'analogy/topic/alPacino.png', 0.3),
(211, NULL, NULL, 'Robert De Niro', 'analogy/topic/deNiro.png', 0.3),
(212, NULL, NULL, 'Jack Nicholson', 'analogy/topic/nicholson.png', 0.3),
(213, NULL, NULL, 'Sylvester Stallone', 'analogy/topic/stallone.png', 0.3),
(214, NULL, NULL, 'John Travolta', 'analogy/topic/travolta.png', 0.3),
(215, NULL, NULL, 'Roberto Benigni', 'analogy/topic/benigni.png', 0.3),
(216, NULL, NULL, 'Federico Fellini', 'analogy/topic/fellini.png', 0.3),
(217, NULL, NULL, 'Nanni Moretti', 'analogy/topic/moretti.png', 0.3),
(218, NULL, NULL, 'Sergio Leone', 'analogy/topic/leone.png', 0.3),
(219, NULL, NULL, 'Paolo Sorrentino', 'analogy/topic/sorrentino.png', 0.3),
(220, NULL, NULL, 'Giuseppe Conte', 'analogy/topic/conte.png', 0.3),
(221, NULL, NULL, 'George W. Bush', 'analogy/topic/bush.png', 0.3),
(222, NULL, NULL, 'Bill Clinton', 'analogy/topic/clinton.png', 0.3),
(223, NULL, NULL, 'Hillary Clinton', 'analogy/topic/hillaryC.png', 0.3),
(224, NULL, NULL, 'Barack Obama', 'analogy/topic/obama.png', 0.3),
(225, NULL, NULL, 'Donald Trump', 'analogy/topic/trump.png', 0.3),
(226, NULL, NULL, 'Archimede', 'analogy/topic/archimede.png', 0.3),
(227, NULL, NULL, 'Leonardo da Vinci', 'analogy/topic/davinci.png', 0.3),
(228, NULL, NULL, 'Guglielmo Marconi', 'analogy/topic/marconi.png', 0.3),
(229, NULL, NULL, 'Pablo Neruda', 'analogy/topic/neruda.png', 0.3),
(230, NULL, NULL, 'Jacques Prévert', 'analogy/topic/prevert.png', 0.3),
(231, NULL, NULL, 'Oscar Wilde', 'analogy/topic/wilde.png', 0.3),
(232, NULL, NULL, 'Eugenio Montale', 'analogy/topic/montale.png', 0.3),
(233, NULL, NULL, 'Umberto Eco', 'analogy/topic/eco.png', 0.3),
(234, NULL, NULL, 'Alessandro Manzoni', 'analogy/topic/manzoni.png', 0.3),
(235, NULL, NULL, 'Luigi Pirandello', 'analogy/topic/pirandello.png', 0.3),
(236, NULL, NULL, 'Italo Svevo', 'analogy/topic/svevo.png', 0.3),
(237, NULL, NULL, 'Giacomo Agostini', 'analogy/topic/agostini.png', 0.3),
(238, NULL, NULL, 'Jorge Lorenzo', 'analogy/topic/lorenzo.png', 0.3),
(239, NULL, NULL, 'Valentino Rossi', 'analogy/topic/rossi.png', 0.3),
(240, NULL, NULL, 'Casey Stoner', 'analogy/topic/stoner.png', 0.3),
(241, NULL, NULL, 'Marc Márquez', 'analogy/topic/marquez.png', 0.3),
(242, NULL, NULL, 'Dario Fo', 'analogy/topic/fo.png', 0.3),
(243, NULL, NULL, 'Rita Levi-Montalcini', 'analogy/topic/montalcini.png', 0.3),
(244, NULL, NULL, 'Tania Cagnotto', 'analogy/topic/cagnotto.png', 0.3),
(245, NULL, NULL, 'Jury Chechi', 'analogy/topic/chechi.png', 0.3),
(246, NULL, NULL, 'Federica Pellegrini', 'analogy/topic/pellegrini.png', 0.3),
(247, NULL, NULL, 'Valentina Vezzali', 'analogy/topic/vezzali.png', 0.3),
(248, NULL, NULL, 'Armin Zöggeler', 'analogy/topic/zoggeler.png', 0.3),
(259, NULL, NULL, 'Placebo', 'analogy/topic/placebo.png', 0.3),
(260, NULL, NULL, 'Take that', 'analogy/topic/take.png', 0.3),
(261, NULL, NULL, 'Loredana Bertè', 'analogy/topic/berte.png', 0.3),
(262, NULL, NULL, 'Elisa', 'analogy/topic/elisa.png', 0.3),
(263, NULL, NULL, 'Mina', 'analogy/topic/mina.png', 0.3),
(264, NULL, NULL, 'Mia Martini', 'analogy/topic/martini.png', 0.3),
(265, NULL, NULL, 'Laura Pausini', 'analogy/topic/pausini.png', 0.3),
(266, NULL, NULL, 'Axl Rose', 'analogy/topic/axl.png', 0.3),
(267, NULL, NULL, 'Jon Bon Jovi', 'analogy/topic/bonJovi.png', 0.3),
(268, NULL, NULL, 'Morten Harket', 'analogy/topic/harket.png', 0.3),
(269, NULL, NULL, 'Simon Le Bon', 'analogy/topic/leBon.png', 0.3),
(270, NULL, NULL, 'George Michael', 'analogy/topic/michael.png', 0.3),
(271, NULL, NULL, 'Robert Plant', 'analogy/topic/plant.png', 0.3),
(272, NULL, NULL, 'Steven Tyler', 'analogy/topic/tyler.png', 0.3),
(273, NULL, NULL, 'Freddie Mercury', 'analogy/topic/mercury.png', 0.3),
(274, NULL, NULL, 'Vasco Rossi', 'analogy/topic/vasco.png', 0.3),
(275, NULL, NULL, 'Fabrizio De Andrè', 'analogy/topic/deandre.png', 0.3),
(276, NULL, NULL, 'Francesco Guccini', 'analogy/topic/guccini.png', 0.3),
(277, NULL, NULL, 'Luigi Tenco', 'analogy/topic/tenco.png', 0.3),
(278, NULL, NULL, 'Cliff Burton', 'analogy/topic/burton.png', 0.3),
(279, NULL, NULL, 'Lemmy Kilmister', 'analogy/topic/kilmister.png', 0.3),
(280, NULL, NULL, 'Jaco Pastorius', 'analogy/topic/pastorius.png', 0.3),
(281, NULL, NULL, 'Sting', 'analogy/topic/sting.png', 0.3),
(282, NULL, NULL, 'Al Bano', 'analogy/topic/albano.png', 0.3),
(283, NULL, NULL, 'Andrea Bocelli', 'analogy/topic/bocelli.png', 0.3),
(284, NULL, NULL, 'Zucchero', 'analogy/topic/zucchero.png', 0.3),
(285, NULL, NULL, 'Il Volo', 'analogy/topic/volo.png', 0.3),
(286, NULL, NULL, 'Alice in chains', 'analogy/topic/alice.png', 0.3),
(287, NULL, NULL, 'Mudhoney', 'analogy/topic/mudhoney.png', 0.3),
(288, NULL, NULL, 'Pearl Jam', 'analogy/topic/pearljam.png', 0.3),
(289, NULL, NULL, 'The Smashing Pumpkins', 'analogy/topic/smashing.png', 0.3),
(290, NULL, NULL, 'Nirvana', 'analogy/topic/nirvana.png', 0.3),
(291, NULL, NULL, 'Roger Daltrey', 'analogy/topic/daltrey.png', 0.3),
(292, NULL, NULL, 'Backstreet Boys', 'analogy/topic/backstreet.png', 0.3),
(293, NULL, NULL, 'Blue', 'analogy/topic/blue.png', 0.3),
(294, NULL, NULL, 'Finley', 'analogy/topic/finley.png', 0.3),
(295, NULL, NULL, 'Jonas Brothers', 'analogy/topic/jonas.png', 0.3),
(296, NULL, NULL, 'NSYNC', 'analogy/topic/nsync.png', 0.3),
(297, NULL, NULL, 'I predatori dell\'arca perduta', 'analogy/topic/indiana.png', 0.3),
(298, NULL, NULL, 'Lo Squalo', 'analogy/topic/squalo.png', 0.3),
(299, NULL, NULL, 'Jurassic Park', 'analogy/topic/jurassic.png', 0.3),
(300, NULL, NULL, 'Il cavaliere oscuro', 'analogy/topic/batman.png', 0.3),
(301, NULL, NULL, 'Dunkirk', 'analogy/topic/dunkirk.png', 0.3),
(302, NULL, NULL, 'Inception', 'analogy/topic/inception.png', 0.3),
(303, NULL, NULL, 'Interstellar', 'analogy/topic/interstellar.png', 0.3),
(304, NULL, NULL, 'Memento', 'analogy/topic/memento.png', 0.3),
(305, NULL, NULL, 'Stefano Accorsi', 'analogy/topic/accorsi.png', 0.3),
(306, NULL, NULL, 'Vittorio De Sica', 'analogy/topic/desica.png', 0.3),
(307, NULL, NULL, 'Giancarlo Giannini', 'analogy/topic/giannini.png', 0.3),
(308, NULL, NULL, 'Pierfrancesco Favino', 'analogy/topic/favino.png', 0.3),
(309, NULL, NULL, 'Jim Carrey', 'analogy/topic/carrey.png', 0.3),
(310, NULL, NULL, 'Will Ferrel', 'analogy/topic/ferrel.png', 0.3),
(311, NULL, NULL, 'Ben Stiller', 'analogy/topic/stiller.png', 0.3),
(312, NULL, NULL, 'Adam Sandler', 'analogy/topic/sandler.png', 0.3),
(313, NULL, NULL, 'Owen Wilson', 'analogy/topic/wilson.png', 0.3),
(314, NULL, NULL, 'Maurizio Crozza', 'analogy/topic/crozza.png', 0.3),
(315, NULL, NULL, 'Fabio De Luigi', 'analogy/topic/deluigi.png', 0.3),
(316, NULL, NULL, 'Carlo Verdone', 'analogy/topic/verdone.png', 0.3),
(317, NULL, NULL, 'Maccio Capatonda', 'analogy/topic/maccio.png', 0.3),
(318, NULL, NULL, 'Checco Zalone', 'analogy/topic/zalone.png', 0.3),
(319, NULL, NULL, 'Aldo, Giovanni e Giacomo', 'analogy/topic/algg.png', 0.3),
(320, NULL, NULL, 'Bud Spencer e Terence Hill', 'analogy/topic/bud.png', 0.3),
(321, NULL, NULL, 'Franco e Ciccio', 'analogy/topic/fec.png', 0.3),
(322, NULL, NULL, 'Luca e Paolo', 'analogy/topic/lep.png', 0.3),
(323, NULL, NULL, 'Pio e Amedeo', 'analogy/topic/pea.png', 0.3),
(324, NULL, NULL, '8 1/2', 'analogy/topic/812.png', 0.3),
(325, NULL, NULL, 'Amarcord', 'analogy/topic/amarcord.png', 0.3),
(326, NULL, NULL, 'La Dolce Vita', 'analogy/topic/dolcevita.png', 0.3),
(327, NULL, NULL, 'La Strada', 'analogy/topic/strada.png', 0.3),
(328, NULL, NULL, 'I Vitelloni', 'analogy/topic/vitelloni.png', 0.3),
(329, NULL, NULL, 'Patch Adams', 'analogy/topic/adams.png', 0.3),
(330, NULL, NULL, 'L\'attimo fuggente', 'analogy/topic/attimo.png', 0.3),
(331, NULL, NULL, 'Will Hunting', 'analogy/topic/hunting.png', 0.3),
(332, NULL, NULL, 'Insomnia', 'analogy/topic/insomnia.png', 0.3),
(333, NULL, NULL, 'Al di là dei sogni', 'analogy/topic/sogni.png', 0.3),
(334, NULL, NULL, 'Jackie Brown', 'analogy/topic/jbrown.png', 0.3),
(335, NULL, NULL, 'Il Padrino - Parte 2', 'analogy/topic/padrino.png', 0.3),
(336, NULL, NULL, 'Taxi Driver', 'analogy/topic/taxi.png', 0.3),
(337, NULL, NULL, 'Toro scatenato', 'analogy/topic/toro.png', 0.3),
(338, NULL, NULL, 'Kung Fu Panda', 'analogy/topic/kpanda.png', 0.3),
(339, NULL, NULL, 'Madagascar', 'analogy/topic/madagascar.png', 0.3),
(340, NULL, NULL, 'Il principe d\'Egitto', 'analogy/topic/principe.png', 0.3),
(341, NULL, NULL, 'Shrek', 'analogy/topic/shrek.png', 0.3),
(342, NULL, NULL, 'Z la formica', 'analogy/topic/zf.png', 0.3);

-- --------------------------------------------------------

--
-- Struttura della tabella `true_response`
--

CREATE TABLE `true_response` (
  `idRound` int(11) NOT NULL,
  `level` int(11) NOT NULL,
  `idTopicTrue` int(11) NOT NULL,
  `isGT` bit(1) NOT NULL,
  `score` int(11) NOT NULL DEFAULT '0',
  `consecutiveAnswer` int(11) NOT NULL DEFAULT '-1',
  `nErrors` int(11) NOT NULL DEFAULT '0',
  `nGTErrors` int(11) NOT NULL DEFAULT '0',
  `played` bit(1) NOT NULL DEFAULT b'0'
) ENGINE=InnoDB DEFAULT CHARSET=utf8;

--
-- Dump dei dati per la tabella `true_response`
--

INSERT INTO `true_response` (`idRound`, `level`, `idTopicTrue`, `isGT`, `score`, `consecutiveAnswer`, `nErrors`, `nGTErrors`, `played`) VALUES
(1, 1, 102, b'1', 50, 0, 0, 0, b'1'),
(1, 2, 112, b'0', 150, 1, 0, 0, b'1'),
(1, 3, 6, b'0', 150, -1, 1, 0, b'1'),
(1, 4, 74, b'0', 200, 0, 1, 0, b'1'),
(1, 5, 68, b'0', 200, 0, 1, 0, b'0'),
(1, 6, 80, b'0', 200, 0, 1, 0, b'0'),
(2, 1, 102, b'0', 0, -1, 1, 0, b'1'),
(2, 2, 96, b'0', 0, -1, 2, 0, b'1'),
(2, 3, 69, b'0', 0, -1, 3, 0, b'1'),
(2, 4, 15, b'1', 50, 0, 3, 0, b'1'),
(2, 5, 77, b'0', 50, 0, 3, 0, b'0'),
(2, 6, 106, b'0', 50, 0, 3, 0, b'0'),
(3, 1, 6, b'0', 0, -1, 1, 0, b'1'),
(3, 2, 215, b'0', 0, -1, 2, 0, b'1'),
(3, 3, 6, b'0', 0, -1, 3, 0, b'1'),
(3, 4, 212, b'1', 50, 0, 3, 0, b'1'),
(3, 5, 196, b'0', 50, 0, 3, 0, b'0'),
(3, 6, 6, b'0', 50, 0, 3, 0, b'0'),
(4, 1, 34, b'0', 0, -1, 1, 0, b'1'),
(4, 2, 223, b'0', 0, -1, 2, 0, b'1'),
(4, 3, 29, b'0', 0, -1, 3, 0, b'1'),
(4, 4, 10, b'1', 50, 0, 3, 0, b'1'),
(4, 5, 11, b'0', 50, -1, 4, 0, b'1'),
(4, 6, 60, b'0', 50, -1, 4, 0, b'0'),
(5, 1, 58, b'0', 0, -1, 1, 0, b'1'),
(5, 2, 41, b'1', 50, 0, 1, 0, b'1'),
(5, 3, 57, b'0', 50, -1, 2, 0, b'1'),
(5, 4, 6, b'0', 50, -1, 3, 0, b'1'),
(5, 5, 35, b'0', 50, -1, 4, 0, b'1'),
(5, 6, 41, b'0', 50, -1, 5, 0, b'1'),
(7, 1, 15, b'0', 50, 0, 0, 0, b'1'),
(7, 2, 84, b'0', 50, -1, 1, 0, b'1'),
(7, 3, 112, b'0', 100, 0, 1, 0, b'1'),
(7, 4, 74, b'0', 100, -1, 2, 0, b'1'),
(7, 5, 78, b'0', 100, -1, 3, 0, b'1'),
(7, 6, 102, b'1', 150, 0, 3, 0, b'1'),
(8, 1, 206, b'0', 0, -1, 1, 0, b'1'),
(8, 2, 178, b'0', 0, -1, 2, 0, b'1'),
(8, 3, 218, b'0', 0, -1, 3, 0, b'1'),
(8, 4, 180, b'0', 0, -1, 4, 0, b'1'),
(8, 5, 196, b'0', 0, -1, 5, 0, b'1'),
(8, 6, 212, b'1', 50, 0, 5, 0, b'1'),
(9, 1, 212, b'1', 50, 0, 0, 0, b'1'),
(9, 2, 216, b'0', 50, -1, 1, 0, b'1'),
(9, 3, 185, b'0', 100, 0, 1, 0, b'1'),
(9, 4, 177, b'0', 100, -1, 2, 0, b'1'),
(9, 5, 206, b'0', 150, 0, 2, 0, b'1'),
(9, 6, 180, b'0', 150, 0, 2, 0, b'0'),
(10, 1, 174, b'0', 50, 0, 0, 0, b'1'),
(10, 2, 213, b'0', 50, -1, 1, 0, b'1'),
(10, 3, 190, b'0', 50, -1, 2, 0, b'1'),
(10, 4, 198, b'0', 50, -1, 3, 0, b'1'),
(10, 5, 180, b'0', 100, 0, 3, 0, b'1'),
(10, 6, 216, b'1', 200, 1, 3, 0, b'1'),
(11, 1, 15, b'0', 50, 0, 0, 0, b'1'),
(11, 2, 112, b'0', 150, 1, 0, 0, b'1'),
(11, 3, 73, b'0', 150, -1, 1, 0, b'1'),
(11, 4, 102, b'1', 200, 0, 1, 0, b'1'),
(11, 5, 84, b'0', 300, 1, 1, 0, b'1'),
(11, 6, 77, b'0', 450, 2, 1, 0, b'1'),
(12, 1, 50, b'0', 0, -1, 1, 0, b'1'),
(12, 2, 10, b'1', 50, 0, 1, 0, b'1'),
(12, 3, 220, b'0', 50, -1, 2, 0, b'1'),
(12, 4, 31, b'0', 100, 0, 2, 0, b'1'),
(12, 5, 58, b'0', 100, -1, 3, 0, b'1'),
(12, 6, 10, b'0', 100, -1, 4, 0, b'1'),
(13, 1, 221, b'0', 0, -1, 1, 0, b'1'),
(13, 2, 59, b'0', 0, -1, 2, 0, b'1'),
(13, 3, 51, b'0', 0, -1, 3, 0, b'1'),
(13, 4, 32, b'0', 0, -1, 4, 0, b'1'),
(13, 5, 10, b'1', 50, 0, 4, 0, b'1'),
(13, 6, 34, b'0', 50, 0, 4, 0, b'0'),
(14, 1, 6, b'0', 0, -1, 1, 0, b'1'),
(14, 2, 59, b'0', 0, -1, 2, 0, b'1'),
(14, 3, 37, b'0', 0, -1, 3, 0, b'1'),
(14, 4, 11, b'0', 0, -1, 4, 0, b'1'),
(14, 5, 43, b'0', 0, -1, 5, 0, b'1'),
(14, 6, 41, b'1', 0, -1, 5, 0, b'0'),
(15, 1, 69, b'0', 0, -1, 1, 0, b'1'),
(15, 2, 6, b'0', 0, -1, 2, 0, b'1'),
(15, 3, 102, b'1', 50, 0, 2, 0, b'1'),
(15, 4, 73, b'0', 50, -1, 3, 0, b'1'),
(15, 5, 85, b'0', 100, 0, 3, 0, b'1'),
(15, 6, 78, b'0', 100, -1, 4, 0, b'1'),
(16, 1, 212, b'1', 50, 0, 0, 0, b'1'),
(16, 2, 185, b'0', 150, 1, 0, 0, b'1'),
(16, 3, 180, b'0', 150, -1, 1, 0, b'1'),
(16, 4, 215, b'0', 150, -1, 2, 0, b'1'),
(16, 5, 206, b'0', 150, -1, 3, 0, b'1'),
(16, 6, 177, b'0', 200, 0, 3, 0, b'1'),
(17, 1, 190, b'0', 50, 0, 0, 0, b'1'),
(17, 2, 172, b'0', 50, -1, 1, 0, b'1'),
(17, 3, 195, b'0', 100, 0, 1, 0, b'1'),
(17, 4, 214, b'0', 100, -1, 2, 0, b'1'),
(17, 5, 202, b'0', 100, -1, 3, 0, b'1'),
(17, 6, 216, b'1', 150, 0, 3, 0, b'1'),
(19, 1, 99, b'0', 0, -1, 1, 0, b'1'),
(19, 2, 102, b'0', 0, -1, 2, 0, b'1'),
(19, 3, 15, b'1', 50, 0, 2, 0, b'1'),
(19, 4, 86, b'0', 50, -1, 3, 0, b'1'),
(19, 5, 93, b'0', 50, -1, 4, 0, b'1'),
(19, 6, 93, b'0', 50, -1, 5, 0, b'1'),
(21, 1, 10, b'0', 0, -1, 1, 0, b'1'),
(21, 2, 6, b'0', 0, -1, 2, 0, b'1'),
(21, 3, 10, b'1', 50, 0, 2, 0, b'1'),
(21, 4, 35, b'0', 150, 1, 2, 0, b'1'),
(21, 5, 31, b'0', 300, 2, 2, 0, b'1'),
(21, 6, 2, b'0', 300, -1, 3, 0, b'1'),
(22, 1, 41, b'1', 50, 0, 0, 0, b'1'),
(22, 2, 40, b'0', 50, -1, 1, 0, b'1'),
(22, 3, 10, b'0', 100, 0, 1, 0, b'1'),
(22, 4, 6, b'0', 100, -1, 2, 0, b'1'),
(22, 5, 55, b'0', 100, -1, 3, 0, b'1'),
(22, 6, 45, b'0', 100, -1, 4, 0, b'1'),
(24, 1, 107, b'0', 0, -1, 1, 0, b'1'),
(24, 2, 77, b'0', 0, -1, 2, 0, b'1'),
(24, 3, 110, b'0', 0, -1, 3, 0, b'1'),
(24, 4, 85, b'0', 0, -1, 4, 0, b'1'),
(24, 5, 15, b'1', 50, 0, 4, 0, b'1'),
(24, 6, 71, b'0', 50, -1, 5, 0, b'1'),
(25, 1, 94, b'0', 0, -1, 1, 0, b'1'),
(25, 2, 16, b'0', 50, 0, 1, 0, b'1'),
(25, 3, 102, b'1', 150, 1, 1, 0, b'1'),
(25, 4, 87, b'0', 150, -1, 2, 0, b'1'),
(25, 5, 97, b'0', 200, 0, 2, 0, b'1'),
(25, 6, 103, b'0', 200, -1, 3, 0, b'1'),
(26, 1, 216, b'0', 0, -1, 1, 0, b'1'),
(26, 2, 177, b'0', 50, 0, 1, 0, b'1'),
(26, 3, 212, b'1', 150, 1, 1, 0, b'1'),
(26, 4, 207, b'0', 150, -1, 2, 0, b'1'),
(26, 5, 184, b'0', 150, -1, 3, 0, b'1'),
(26, 6, 185, b'0', 200, 0, 3, 0, b'1'),
(27, 1, 195, b'0', 0, -1, 1, 0, b'1'),
(27, 2, 174, b'0', 50, 0, 1, 0, b'1'),
(27, 3, 190, b'0', 50, -1, 2, 0, b'1'),
(27, 4, 204, b'0', 50, -1, 3, 0, b'1'),
(27, 5, 211, b'0', 100, 0, 3, 0, b'1'),
(27, 6, 216, b'1', 200, 1, 3, 0, b'1'),
(28, 1, 223, b'0', 0, -1, 1, 0, b'1'),
(28, 2, 10, b'1', 50, 0, 1, 0, b'1'),
(28, 3, 25, b'0', 50, -1, 2, 0, b'1'),
(28, 4, 24, b'0', 50, -1, 3, 0, b'1'),
(28, 5, 242, b'0', 50, -1, 4, 0, b'1'),
(28, 6, 244, b'0', 50, -1, 5, 0, b'1'),
(29, 1, 2, b'0', 0, -1, 1, 0, b'1'),
(29, 2, 241, b'0', 0, -1, 2, 0, b'1'),
(29, 3, 6, b'0', 0, -1, 3, 0, b'1'),
(29, 4, 41, b'1', 50, 0, 3, 0, b'1'),
(29, 5, 51, b'0', 50, -1, 4, 0, b'1'),
(29, 6, 9, b'0', 50, -1, 5, 0, b'1'),
(30, 1, 31, b'1', 0, -1, 1, 1, b'1'),
(30, 2, 58, b'0', 0, -1, 2, 1, b'1'),
(30, 3, 6, b'0', 0, -1, 3, 1, b'1'),
(30, 4, 34, b'0', 50, 0, 3, 1, b'1'),
(30, 5, 40, b'0', 50, -1, 4, 1, b'1'),
(30, 6, 9, b'0', 50, -1, 5, 1, b'1'),
(32, 1, 71, b'0', 0, -1, 1, 0, b'1'),
(32, 2, 77, b'0', 50, 0, 1, 0, b'1'),
(32, 3, 6, b'0', 150, 1, 1, 0, b'1'),
(32, 4, 15, b'1', 150, -1, 2, 1, b'1'),
(32, 5, 109, b'0', 150, -1, 3, 1, b'1'),
(32, 6, 81, b'0', 150, -1, 4, 1, b'1'),
(33, 1, 102, b'1', 50, 0, 0, 0, b'1'),
(33, 2, 6, b'0', 50, -1, 1, 0, b'1'),
(33, 3, 6, b'0', 50, -1, 2, 0, b'1'),
(33, 4, 88, b'0', 50, -1, 3, 0, b'1'),
(33, 5, 294, b'0', 50, -1, 4, 0, b'1'),
(33, 6, 105, b'0', 50, -1, 5, 0, b'1'),
(34, 1, 279, b'0', 0, -1, 1, 0, b'1'),
(34, 2, 103, b'0', 0, -1, 2, 0, b'1'),
(34, 3, 282, b'0', 0, -1, 3, 0, b'1'),
(34, 4, 16, b'0', 0, -1, 4, 0, b'1'),
(34, 5, 15, b'1', 50, 0, 4, 0, b'1'),
(34, 6, 91, b'0', 50, -1, 5, 0, b'1'),
(36, 1, 6, b'0', 0, -1, 1, 0, b'1'),
(36, 2, 184, b'0', 0, -1, 2, 0, b'1'),
(36, 3, 216, b'0', 0, -1, 3, 0, b'1'),
(36, 4, 185, b'1', 0, -1, 4, 1, b'1'),
(36, 5, 6, b'0', 0, -1, 5, 1, b'1'),
(36, 6, 173, b'0', 0, -1, 6, 1, b'1'),
(37, 1, 212, b'1', 0, -1, 1, 1, b'1'),
(37, 2, 213, b'0', 0, -1, 2, 1, b'1'),
(37, 3, 341, b'0', 0, -1, 3, 1, b'1'),
(37, 4, 194, b'0', 0, -1, 4, 1, b'1'),
(37, 5, 198, b'0', 0, -1, 5, 1, b'1'),
(37, 6, 204, b'0', 0, -1, 6, 1, b'1'),
(38, 1, 216, b'1', 0, -1, 1, 1, b'1'),
(38, 2, 329, b'0', 0, -1, 2, 1, b'1'),
(38, 3, 318, b'0', 0, -1, 3, 1, b'1'),
(38, 4, 301, b'0', 0, -1, 4, 1, b'1'),
(38, 5, 297, b'0', 0, -1, 5, 1, b'1'),
(38, 6, 322, b'0', 0, -1, 6, 1, b'1'),
(40, 1, 58, b'0', 0, -1, 1, 0, b'1'),
(40, 2, 10, b'1', 50, 0, 1, 0, b'1'),
(40, 3, 6, b'0', 50, -1, 2, 0, b'1'),
(40, 4, 244, b'0', 50, -1, 3, 0, b'1'),
(40, 5, 6, b'0', 50, -1, 4, 0, b'1'),
(40, 6, 234, b'0', 50, -1, 5, 0, b'1'),
(41, 1, 237, b'0', 0, -1, 1, 0, b'1'),
(41, 2, 41, b'1', 50, 0, 1, 0, b'1'),
(41, 3, 11, b'0', 50, -1, 2, 0, b'1'),
(41, 4, 9, b'0', 50, -1, 3, 0, b'1'),
(41, 5, 2, b'0', 50, -1, 4, 0, b'1'),
(41, 6, 229, b'0', 100, 0, 4, 0, b'1'),
(42, 1, 226, b'1', 0, -1, 1, 1, b'1'),
(42, 2, 2, b'0', 0, -1, 2, 1, b'1'),
(42, 3, 6, b'0', 0, -1, 3, 1, b'1'),
(42, 4, 32, b'0', 0, -1, 4, 1, b'1'),
(42, 5, 36, b'0', 0, -1, 5, 1, b'1'),
(42, 6, 59, b'0', 0, -1, 6, 1, b'1'),
(43, 1, 9, b'0', 50, 0, 0, 0, b'1'),
(43, 2, 44, b'0', 50, -1, 1, 0, b'1'),
(43, 3, 53, b'0', 50, -1, 2, 0, b'1'),
(43, 4, 239, b'1', 100, 0, 2, 0, b'1'),
(43, 5, 47, b'0', 100, -1, 3, 0, b'1'),
(43, 6, 57, b'0', 150, 0, 3, 0, b'1'),
(45, 1, 6, b'0', 0, -1, 1, 0, b'1'),
(45, 2, 112, b'0', 0, -1, 2, 0, b'1'),
(45, 3, 15, b'0', 0, -1, 3, 0, b'1'),
(45, 4, 80, b'0', 50, 0, 3, 0, b'1'),
(45, 5, 102, b'1', 150, 1, 3, 0, b'1'),
(45, 6, 83, b'0', 150, -1, 4, 0, b'1'),
(46, 1, 93, b'0', 0, -1, 1, 0, b'1'),
(46, 2, 103, b'0', 0, -1, 2, 0, b'1'),
(46, 3, 106, b'0', 0, -1, 3, 0, b'1'),
(46, 4, 98, b'0', 0, -1, 4, 0, b'1'),
(46, 5, 15, b'1', 50, 0, 4, 0, b'1'),
(46, 6, 87, b'0', 50, -1, 5, 0, b'1'),
(47, 1, 295, b'0', 0, -1, 1, 0, b'1'),
(47, 2, 278, b'0', 0, -1, 2, 0, b'1'),
(47, 3, 282, b'0', 50, 0, 2, 0, b'1'),
(47, 4, 6, b'0', 50, -1, 3, 0, b'1'),
(47, 5, 281, b'1', 100, 0, 3, 0, b'1'),
(47, 6, 266, b'0', 100, -1, 4, 0, b'1'),
(48, 1, 291, b'0', 0, -1, 1, 0, b'1'),
(48, 2, 266, b'1', 50, 0, 1, 0, b'1'),
(48, 3, 277, b'0', 50, -1, 2, 0, b'1'),
(48, 4, 263, b'0', 50, -1, 3, 0, b'1'),
(48, 5, 6, b'0', 50, -1, 4, 0, b'1'),
(48, 6, 268, b'0', 50, -1, 5, 0, b'1'),
(50, 1, 176, b'0', 0, -1, 1, 0, b'1'),
(50, 2, 6, b'0', 0, -1, 2, 0, b'1'),
(50, 3, 205, b'0', 0, -1, 3, 0, b'1'),
(50, 4, 6, b'0', 0, -1, 4, 0, b'1'),
(50, 5, 196, b'0', 0, -1, 5, 0, b'1'),
(50, 6, 212, b'1', 0, -1, 5, 0, b'0'),
(51, 1, 6, b'0', 0, -1, 1, 0, b'1'),
(51, 2, 215, b'0', 0, -1, 2, 0, b'1'),
(51, 3, 196, b'0', 0, -1, 3, 0, b'1'),
(51, 4, 178, b'0', 0, -1, 3, 0, b'0'),
(51, 5, 209, b'0', 0, -1, 3, 0, b'0'),
(51, 6, 212, b'1', 0, -1, 3, 0, b'0'),
(52, 1, 189, b'0', 0, -1, 1, 0, b'1'),
(52, 2, 218, b'0', 0, -1, 2, 0, b'1'),
(52, 3, 180, b'0', 0, -1, 3, 0, b'1'),
(52, 4, 205, b'0', 0, -1, 4, 0, b'1'),
(52, 5, 179, b'0', 0, -1, 5, 0, b'1'),
(52, 6, 212, b'1', 50, 0, 5, 0, b'1'),
(53, 1, 173, b'0', 0, -1, 1, 0, b'1'),
(53, 2, 203, b'0', 50, 0, 1, 0, b'1'),
(53, 3, 216, b'1', 150, 1, 1, 0, b'1'),
(53, 4, 198, b'0', 150, -1, 2, 0, b'1'),
(53, 5, 212, b'0', 150, -1, 3, 0, b'1'),
(53, 6, 193, b'0', 150, -1, 4, 0, b'1'),
(54, 1, 300, b'0', 0, -1, 1, 0, b'1'),
(54, 2, 333, b'0', 0, -1, 2, 0, b'1'),
(54, 3, 314, b'0', 0, -1, 3, 0, b'1'),
(54, 4, 317, b'1', 50, 0, 3, 0, b'1'),
(54, 5, 297, b'0', 150, 1, 3, 0, b'1'),
(54, 6, 342, b'0', 150, -1, 4, 0, b'1'),
(55, 1, 334, b'0', 0, -1, 1, 0, b'1'),
(55, 2, 325, b'0', 50, 0, 1, 0, b'1'),
(55, 3, 321, b'0', 150, 1, 1, 0, b'1'),
(55, 4, 311, b'0', 150, -1, 2, 0, b'1'),
(55, 5, 308, b'0', 150, -1, 3, 0, b'1'),
(55, 6, 308, b'1', 200, 0, 3, 0, b'1'),
(57, 1, 6, b'0', 0, -1, 1, 0, b'1'),
(57, 2, 175, b'0', 0, -1, 2, 0, b'1'),
(57, 3, 174, b'1', 50, 0, 2, 0, b'1'),
(57, 4, 208, b'0', 50, -1, 3, 0, b'1'),
(57, 5, 180, b'0', 50, -1, 4, 0, b'1'),
(57, 6, 186, b'0', 50, -1, 5, 0, b'1');

-- --------------------------------------------------------

--
-- Struttura della tabella `user`
--

CREATE TABLE `user` (
  `idUser` int(16) NOT NULL,
  `firstName` varchar(256) NOT NULL,
  `lastName` varchar(256) NOT NULL,
  `life_play` int(11) NOT NULL DEFAULT '0',
  `idSocial` varchar(256) NOT NULL,
  `social` varchar(256) NOT NULL,
  `name` varchar(256) DEFAULT NULL,
  `cover` varchar(256) DEFAULT NULL,
  `thumbnail` varchar(256) DEFAULT NULL
) ENGINE=InnoDB DEFAULT CHARSET=utf8 ROW_FORMAT=DYNAMIC;

--
-- Dump dei dati per la tabella `user`
--

INSERT INTO `user` (`idUser`, `firstName`, `lastName`, `life_play`, `idSocial`, `social`, `name`, `cover`, `thumbnail`) VALUES
(1, 'Francesco', 'Barrera', 27335, '108551648309805808085', 'google', 'Francesco Barrera', '', 'https://lh6.googleusercontent.com/-_5SfNITb1Us/AAAAAAAAAAI/AAAAAAAAAJA/bWiK6fPCq3k/photo.jpg?sz=50');

-- --------------------------------------------------------

--
-- Struttura della tabella `user_has_badge`
--

CREATE TABLE `user_has_badge` (
  `idUser` int(16) NOT NULL,
  `idBadge` int(16) NOT NULL,
  `timestamp` timestamp NOT NULL DEFAULT CURRENT_TIMESTAMP
) ENGINE=InnoDB DEFAULT CHARSET=utf8 ROW_FORMAT=DYNAMIC;

--
-- Dump dei dati per la tabella `user_has_badge`
--

INSERT INTO `user_has_badge` (`idUser`, `idBadge`, `timestamp`) VALUES
(1, 1, '2018-07-20 10:57:20'),
(1, 2, '2018-09-01 10:09:20'),
(1, 5, '2018-08-17 15:17:33'),
(1, 6, '2018-08-17 15:15:54'),
(1, 9, '2018-07-20 10:57:20'),
(2, 1, '2018-07-22 17:30:27'),
(2, 6, '2018-08-28 15:26:01'),
(2, 9, '2018-08-28 15:28:37'),
(3, 1, '2018-07-23 21:32:56'),
(3, 9, '2018-07-23 21:34:21');

-- --------------------------------------------------------

--
-- Struttura della tabella `user_reputation`
--

CREATE TABLE `user_reputation` (
  `idUser` int(16) NOT NULL,
  `idRound` int(11) NOT NULL,
  `reputation` float NOT NULL
) ENGINE=InnoDB DEFAULT CHARSET=latin1;

--
-- Dump dei dati per la tabella `user_reputation`
--

INSERT INTO `user_reputation` (`idUser`, `idRound`, `reputation`) VALUES
(1, 1, 1),
(1, 2, 1),
(1, 3, 1),
(1, 13, 1),
(1, 14, 1),
(1, 15, 1),
(1, 16, 1),
(1, 17, 1),
(1, 19, 1),
(1, 32, 0.367879),
(1, 33, 1),
(1, 34, 1),
(1, 36, 0.367879),
(1, 37, 0.367879),
(1, 38, 0.367879),
(1, 40, 1),
(1, 41, 1),
(1, 42, 0.367879),
(1, 43, 1),
(1, 45, 1),
(1, 46, 1),
(1, 47, 1),
(1, 48, 1),
(1, 52, 1),
(1, 53, 1),
(1, 54, 1),
(1, 55, 1),
(1, 57, 1),
(2, 4, 1),
(2, 5, 1),
(2, 7, 1),
(2, 8, 1),
(2, 21, 1),
(2, 22, 1),
(2, 24, 1),
(2, 25, 1),
(2, 26, 1),
(2, 27, 1),
(2, 28, 1),
(2, 29, 1),
(2, 30, 0.367879),
(3, 9, 1),
(3, 10, 1),
(3, 11, 1),
(3, 12, 1);

--
-- Indici per le tabelle scaricate
--

--
-- Indici per le tabelle `badge`
--
ALTER TABLE `badge`
  ADD PRIMARY KEY (`idBadge`);

--
-- Indici per le tabelle `category`
--
ALTER TABLE `category`
  ADD PRIMARY KEY (`idCategory`);

--
-- Indici per le tabelle `configuration`
--
ALTER TABLE `configuration`
  ADD PRIMARY KEY (`idParameters`);

--
-- Indici per le tabelle `leaderboard`
--
ALTER TABLE `leaderboard`
  ADD PRIMARY KEY (`idLeaderboard`);

--
-- Indici per le tabelle `level`
--
ALTER TABLE `level`
  ADD PRIMARY KEY (`idlevel`);

--
-- Indici per le tabelle `logging`
--
ALTER TABLE `logging`
  ADD PRIMARY KEY (`id`),
  ADD KEY `IX_idResource` (`idResource`);

--
-- Indici per le tabelle `resource`
--
ALTER TABLE `resource`
  ADD PRIMARY KEY (`idResource`),
  ADD KEY `idx_resource_refId` (`refId`);

--
-- Indici per le tabelle `resource_has_topic`
--
ALTER TABLE `resource_has_topic`
  ADD PRIMARY KEY (`id`);

--
-- Indici per le tabelle `round`
--
ALTER TABLE `round`
  ADD PRIMARY KEY (`idRound`);

--
-- Indici per le tabelle `topic`
--
ALTER TABLE `topic`
  ADD PRIMARY KEY (`idTopic`);

--
-- Indici per le tabelle `true_response`
--
ALTER TABLE `true_response`
  ADD PRIMARY KEY (`idRound`,`level`);

--
-- Indici per le tabelle `user`
--
ALTER TABLE `user`
  ADD PRIMARY KEY (`idUser`);

--
-- Indici per le tabelle `user_has_badge`
--
ALTER TABLE `user_has_badge`
  ADD UNIQUE KEY `idUser` (`idUser`,`idBadge`);

--
-- Indici per le tabelle `user_reputation`
--
ALTER TABLE `user_reputation`
  ADD PRIMARY KEY (`idUser`,`idRound`);

--
-- AUTO_INCREMENT per le tabelle scaricate
--

--
-- AUTO_INCREMENT per la tabella `badge`
--
ALTER TABLE `badge`
  MODIFY `idBadge` int(16) NOT NULL AUTO_INCREMENT, AUTO_INCREMENT=10;

--
-- AUTO_INCREMENT per la tabella `category`
--
ALTER TABLE `category`
  MODIFY `idCategory` int(16) NOT NULL AUTO_INCREMENT, AUTO_INCREMENT=4;

--
-- AUTO_INCREMENT per la tabella `configuration`
--
ALTER TABLE `configuration`
  MODIFY `idParameters` int(11) NOT NULL AUTO_INCREMENT, AUTO_INCREMENT=2;

--
-- AUTO_INCREMENT per la tabella `leaderboard`
--
ALTER TABLE `leaderboard`
  MODIFY `idLeaderboard` int(16) NOT NULL AUTO_INCREMENT, AUTO_INCREMENT=3;

--
-- AUTO_INCREMENT per la tabella `level`
--
ALTER TABLE `level`
  MODIFY `idlevel` int(11) NOT NULL AUTO_INCREMENT, AUTO_INCREMENT=143;

--
-- AUTO_INCREMENT per la tabella `logging`
--
ALTER TABLE `logging`
  MODIFY `id` int(11) NOT NULL AUTO_INCREMENT, AUTO_INCREMENT=37;

--
-- AUTO_INCREMENT per la tabella `resource`
--
ALTER TABLE `resource`
  MODIFY `idResource` int(16) NOT NULL AUTO_INCREMENT, AUTO_INCREMENT=103093;

--
-- AUTO_INCREMENT per la tabella `resource_has_topic`
--
ALTER TABLE `resource_has_topic`
  MODIFY `id` int(11) NOT NULL AUTO_INCREMENT, AUTO_INCREMENT=330334;

--
-- AUTO_INCREMENT per la tabella `round`
--
ALTER TABLE `round`
  MODIFY `idRound` int(11) NOT NULL AUTO_INCREMENT, AUTO_INCREMENT=58;

--
-- AUTO_INCREMENT per la tabella `topic`
--
ALTER TABLE `topic`
  MODIFY `idTopic` int(16) NOT NULL AUTO_INCREMENT, AUTO_INCREMENT=343;

--
-- AUTO_INCREMENT per la tabella `user`
--
ALTER TABLE `user`
  MODIFY `idUser` int(16) NOT NULL AUTO_INCREMENT, AUTO_INCREMENT=2;
