-- phpMyAdmin SQL Dump
-- version 4.7.5
-- https://www.phpmyadmin.net/
--
-- Host: localhost:8889
-- Creato il: Lug 16, 2018 alle 17:10
-- Versione del server: 5.6.38
-- Versione PHP: 7.1.12

SET SQL_MODE = "NO_AUTO_VALUE_ON_ZERO";
SET time_zone = "+00:00";

--
-- Database: `gwap-enabler-db`
--

-- --------------------------------------------------------

--
-- Struttura della tabella `badge`
--

CREATE TABLE `badge` (
  `idBadge` int(16) NOT NULL,
  `name` varchar(256) NOT NULL,
  `value` varchar(256) NOT NULL,
  `image` varchar(256) NOT NULL,
  `goal` int(11) NOT NULL
) ENGINE=InnoDB DEFAULT CHARSET=utf8;

--
-- Dump dei dati per la tabella `badge`
--

INSERT INTO `badge` (`idBadge`, `name`, `value`, `image`, `goal`) VALUES
(1, 'BABY', 'BABY_DESCRIPTION', 'images/icone-BADGE-BABY.png', 1),
(2, 'ADDICTED', 'ADDICTED_DESCRIPTION', 'images/icone-BADGE-ADDICTED.png', 2),
(3, 'EXPERT', 'EXPERT_DESCRIPTION', 'images/icone-BADGE-EXPERT.png', 0),
(4, 'GENIUS', 'GENIUS_DESCRIPTION', 'images/icone-BADGE-GENIUS.png', 4),
(5, 'DONKEY', 'DONKEY_DESCRIPTION', 'images/icone-BADGE-DONKEY.png', 5),
(6, 'LAZY', 'LAZY_DESCRIPTION', 'images/icone-BADGE-LAZY.png', 6),
(7, 'COLOSSAL', 'COLOSSAL_DESCRIPTION', 'images/icone-BADGE-COLOSSAL.png', 7),
(8, 'THE FLASH', 'THE_FLASH_DESCRIPTION', 'images/icone-BADGE-FLASH.png', 8),
(9, 'THE KING', 'THE_KING_DESCRIPTION', 'images/icone-BADGE-KING.png', 9);

-- --------------------------------------------------------

--
-- Struttura della tabella `configuration`
--

CREATE TABLE `configuration` (
  `idParameters` int(11) NOT NULL,
  `upperThreshold` float NOT NULL,
  `lowerThreshold` float DEFAULT NULL,
  `positiveK` float NOT NULL,
  `negativeK` float DEFAULT NULL,
  `nOfLevels` int(11) NOT NULL,
  `nOfGT` int(11) NOT NULL,
  `levelPoints` int(11) NOT NULL,
  `consecutiveLevelPoints` int(11) NOT NULL,
  `reputationParam` int(11) NOT NULL
) ENGINE=InnoDB DEFAULT CHARSET=utf8 ROW_FORMAT=DYNAMIC;

--
-- Dump dei dati per la tabella `configuration`
--

INSERT INTO `configuration` (`idParameters`, `upperThreshold`, `lowerThreshold`, `positiveK`, `negativeK`, `nOfLevels`, `nOfGT`, `levelPoints`, `consecutiveLevelPoints`, `reputationParam`) VALUES
(1, 0.875, NULL, 0.25, NULL, 6, 1, 50, 50, 1);

-- --------------------------------------------------------

--
-- Struttura della tabella `leaderboard`
--

CREATE TABLE `leaderboard` (
  `idLeaderboard` int(16) NOT NULL,
  `idUser` int(16) NOT NULL,
  `score` int(11) NOT NULL
) ENGINE=InnoDB DEFAULT CHARSET=utf8 ROW_FORMAT=DYNAMIC;

--
-- Dump dei dati per la tabella `leaderboard`
--

INSERT INTO `leaderboard` (`idLeaderboard`, `idUser`, `score`) VALUES
(1, 1, 1650),
(2, 3, 600),
(3, 5, 200),
(4, 4, 350),
(5, 6, 200);

-- --------------------------------------------------------

--
-- Struttura della tabella `level`
--

CREATE TABLE `level` (
  `idlevel` int(11) NOT NULL,
  `level` varchar(45) DEFAULT NULL,
  `idRound` int(11) NOT NULL,
  `startLevel` timestamp NOT NULL DEFAULT CURRENT_TIMESTAMP,
  `endLevel` timestamp NOT NULL DEFAULT '0000-00-00 00:00:00'
) ENGINE=InnoDB DEFAULT CHARSET=utf8 ROW_FORMAT=DYNAMIC;

--
-- Dump dei dati per la tabella `level`
--

INSERT INTO `level` (`idlevel`, `level`, `idRound`, `startLevel`, `endLevel`) VALUES
(1, '1', 1, '2018-07-15 10:53:36', '2018-07-15 10:53:38'),
(2, '2', 1, '2018-07-15 10:53:40', '2018-07-15 10:53:41'),
(3, '3', 1, '2018-07-15 10:53:42', '2018-07-15 10:53:42'),
(4, '4', 1, '2018-07-15 10:53:43', '2018-07-15 10:53:46'),
(5, '5', 1, '2018-07-15 10:53:47', '2018-07-15 10:53:48'),
(6, '6', 1, '2018-07-15 10:53:52', '2018-07-15 10:53:53'),
(7, '1', 2, '2018-07-15 10:54:15', '0000-00-00 00:00:00'),
(8, '1', 3, '2018-07-15 13:56:16', '2018-07-15 13:56:21'),
(9, '2', 3, '2018-07-15 13:56:25', '2018-07-15 13:56:27'),
(10, '3', 3, '2018-07-15 13:56:28', '2018-07-15 13:56:29'),
(11, '4', 3, '2018-07-15 13:56:30', '2018-07-15 13:56:31'),
(12, '5', 3, '2018-07-15 13:56:31', '2018-07-15 13:56:32'),
(13, '6', 3, '2018-07-15 13:56:33', '2018-07-15 13:56:37'),
(14, '1', 4, '2018-07-15 13:57:04', '2018-07-15 13:57:06'),
(15, '2', 4, '2018-07-15 13:57:07', '2018-07-15 13:57:08'),
(16, '3', 4, '2018-07-15 13:57:09', '2018-07-15 13:57:09'),
(17, '4', 4, '2018-07-15 13:57:13', '2018-07-15 13:57:17'),
(18, '5', 4, '2018-07-15 13:57:18', '2018-07-15 13:57:19'),
(19, '6', 4, '2018-07-15 13:57:19', '2018-07-15 13:57:20'),
(20, '1', 6, '2018-07-15 13:59:24', '2018-07-15 13:59:26'),
(21, '2', 6, '2018-07-15 13:59:27', '2018-07-15 13:59:28'),
(22, '3', 6, '2018-07-15 13:59:31', '2018-07-15 13:59:32'),
(23, '4', 6, '2018-07-15 13:59:36', '2018-07-15 13:59:41'),
(24, '5', 6, '2018-07-15 13:59:42', '2018-07-15 13:59:43'),
(25, '6', 6, '2018-07-15 13:59:47', '2018-07-15 13:59:48'),
(26, '1', 7, '2018-07-15 14:00:02', '2018-07-15 14:00:04'),
(27, '2', 7, '2018-07-15 14:00:06', '2018-07-15 14:00:07'),
(28, '3', 7, '2018-07-15 14:00:08', '0000-00-00 00:00:00'),
(29, '1', 8, '2018-07-15 14:02:56', '2018-07-15 14:02:58'),
(30, '2', 8, '2018-07-15 14:03:00', '2018-07-15 14:03:01'),
(31, '3', 8, '2018-07-15 14:03:05', '2018-07-15 14:03:06'),
(32, '4', 8, '2018-07-15 14:03:07', '2018-07-15 14:03:11'),
(33, '5', 8, '2018-07-15 14:03:14', '2018-07-15 14:03:15'),
(34, '6', 8, '2018-07-15 14:03:19', '2018-07-15 14:03:20'),
(35, '1', 9, '2018-07-15 14:03:36', '2018-07-15 14:03:38'),
(36, '2', 9, '2018-07-15 14:03:39', '2018-07-15 14:03:41'),
(37, '3', 9, '2018-07-15 14:03:42', '2018-07-15 14:03:44'),
(38, '4', 9, '2018-07-15 14:03:48', '2018-07-15 14:03:51'),
(39, '5', 9, '2018-07-15 14:03:52', '2018-07-15 14:03:54'),
(40, '6', 9, '2018-07-15 14:03:55', '2018-07-15 14:03:58'),
(41, '1', 11, '2018-07-15 14:05:19', '2018-07-15 14:05:25'),
(42, '2', 11, '2018-07-15 14:05:27', '2018-07-15 14:05:28'),
(43, '3', 11, '2018-07-15 14:05:29', '2018-07-15 14:05:29'),
(44, '4', 11, '2018-07-15 14:05:30', '2018-07-15 14:05:31'),
(45, '5', 11, '2018-07-15 14:05:32', '2018-07-15 14:05:32'),
(46, '6', 11, '2018-07-15 14:05:35', '2018-07-15 14:05:35'),
(47, '1', 12, '2018-07-15 14:05:49', '2018-07-15 14:05:52'),
(48, '2', 12, '2018-07-15 14:05:53', '2018-07-15 14:05:56'),
(49, '3', 12, '2018-07-15 14:05:56', '2018-07-15 14:05:57'),
(50, '4', 12, '2018-07-15 14:05:58', '2018-07-15 14:05:58'),
(51, '5', 12, '2018-07-15 14:06:03', '2018-07-15 14:06:03'),
(52, '6', 12, '2018-07-15 14:06:07', '2018-07-15 14:06:08'),
(53, '1', 13, '2018-07-15 14:06:21', '2018-07-15 14:06:22'),
(54, '2', 13, '2018-07-15 14:06:25', '2018-07-15 14:06:26'),
(55, '3', 13, '2018-07-15 14:06:29', '2018-07-15 14:06:29'),
(56, '4', 13, '2018-07-15 14:06:30', '2018-07-15 14:06:31'),
(57, '5', 13, '2018-07-15 14:06:33', '2018-07-15 14:06:33'),
(58, '6', 13, '2018-07-15 14:06:34', '2018-07-15 14:06:35'),
(59, '1', 14, '2018-07-15 14:07:00', '2018-07-15 14:07:01'),
(60, '2', 14, '2018-07-15 14:07:05', '2018-07-15 14:07:05'),
(61, '3', 14, '2018-07-15 14:07:06', '2018-07-15 14:07:07'),
(62, '4', 14, '2018-07-15 14:07:07', '2018-07-15 14:07:08'),
(63, '5', 14, '2018-07-15 14:07:08', '2018-07-15 14:07:09'),
(64, '6', 14, '2018-07-15 14:07:12', '2018-07-15 14:07:12'),
(65, '1', 15, '2018-07-15 14:07:27', '2018-07-15 14:07:50'),
(66, '2', 15, '2018-07-15 14:07:52', '2018-07-15 14:07:55'),
(67, '3', 15, '2018-07-15 14:07:57', '2018-07-15 14:07:58'),
(68, '4', 15, '2018-07-15 14:08:02', '2018-07-15 14:08:03'),
(69, '5', 15, '2018-07-15 14:08:06', '2018-07-15 14:08:07'),
(70, '6', 15, '2018-07-15 14:08:12', '2018-07-15 14:08:13'),
(71, '1', 17, '2018-07-15 14:14:24', '2018-07-15 14:14:26'),
(72, '2', 17, '2018-07-15 14:14:28', '2018-07-15 14:14:29'),
(73, '3', 17, '2018-07-15 14:14:30', '2018-07-15 14:14:33'),
(74, '4', 17, '2018-07-15 14:14:36', '2018-07-15 14:14:36'),
(75, '5', 17, '2018-07-15 14:14:37', '2018-07-15 14:14:39'),
(76, '6', 17, '2018-07-15 14:14:43', '2018-07-15 14:14:44'),
(77, '1', 18, '2018-07-15 14:15:00', '2018-07-15 14:15:01'),
(78, '2', 18, '2018-07-15 14:15:02', '2018-07-15 14:15:02'),
(79, '3', 18, '2018-07-15 14:15:04', '2018-07-15 14:15:05'),
(80, '4', 18, '2018-07-15 14:15:07', '2018-07-15 14:15:08'),
(81, '5', 18, '2018-07-15 14:15:10', '2018-07-15 14:15:12'),
(82, '6', 18, '2018-07-15 14:15:14', '2018-07-15 14:15:15'),
(83, '1', 20, '2018-07-15 14:19:12', '2018-07-15 14:20:34'),
(84, '2', 20, '2018-07-15 14:21:28', '2018-07-15 14:22:45'),
(85, '1', 21, '2018-07-15 14:25:24', '2018-07-15 14:25:32'),
(86, '2', 21, '2018-07-15 14:25:41', '2018-07-15 14:25:43'),
(87, '3', 21, '2018-07-15 14:25:44', '2018-07-15 14:25:45'),
(88, '4', 21, '2018-07-15 14:25:47', '2018-07-15 14:25:48'),
(89, '5', 21, '2018-07-15 14:25:51', '2018-07-15 14:25:52'),
(90, '6', 21, '2018-07-15 14:25:52', '2018-07-15 14:25:55'),
(91, '1', 22, '2018-07-15 14:26:51', '2018-07-15 14:26:52'),
(92, '2', 22, '2018-07-15 14:26:52', '2018-07-15 14:26:53'),
(93, '3', 22, '2018-07-15 14:26:54', '2018-07-15 14:26:55'),
(94, '4', 22, '2018-07-15 14:26:57', '2018-07-15 14:26:57'),
(95, '5', 22, '2018-07-15 14:26:59', '2018-07-15 14:27:00'),
(96, '6', 22, '2018-07-15 14:27:03', '2018-07-15 14:27:04'),
(97, '1', 23, '2018-07-15 14:27:22', '2018-07-15 14:27:22'),
(98, '2', 23, '2018-07-15 14:27:23', '2018-07-15 14:27:23'),
(99, '3', 23, '2018-07-15 14:27:26', '2018-07-15 14:27:27'),
(100, '4', 23, '2018-07-15 14:27:28', '2018-07-15 14:27:29'),
(101, '5', 23, '2018-07-15 14:27:30', '2018-07-15 14:27:31'),
(102, '6', 23, '2018-07-15 14:27:31', '2018-07-15 14:27:32'),
(103, '1', 24, '2018-07-15 14:27:45', '2018-07-15 14:27:45'),
(104, '2', 24, '2018-07-15 14:27:46', '2018-07-15 14:27:46'),
(105, '3', 24, '2018-07-15 14:27:50', '2018-07-15 14:27:51'),
(106, '4', 24, '2018-07-15 14:27:51', '2018-07-15 14:27:52'),
(107, '5', 24, '2018-07-15 14:27:54', '2018-07-15 14:27:55'),
(108, '6', 24, '2018-07-15 14:27:57', '2018-07-15 14:27:57'),
(109, '1', 25, '2018-07-15 14:28:19', '2018-07-15 14:28:23'),
(110, '2', 25, '2018-07-15 14:28:23', '2018-07-15 14:29:16'),
(111, '3', 25, '2018-07-15 14:29:16', '2018-07-15 14:29:17'),
(112, '4', 25, '2018-07-15 14:29:18', '2018-07-15 14:29:18'),
(113, '5', 25, '2018-07-15 14:29:19', '2018-07-15 14:29:20'),
(114, '6', 25, '2018-07-15 14:29:21', '2018-07-15 14:29:22'),
(115, '1', 27, '2018-07-15 15:02:29', '0000-00-00 00:00:00'),
(116, '1', 28, '2018-07-15 15:13:01', '0000-00-00 00:00:00'),
(117, '1', 29, '2018-07-15 15:13:35', '0000-00-00 00:00:00'),
(118, '1', 30, '2018-07-15 15:14:48', '2018-07-15 15:14:51'),
(119, '2', 30, '2018-07-15 15:14:52', '2018-07-15 15:14:56'),
(120, '3', 30, '2018-07-15 15:14:56', '2018-07-15 15:14:57'),
(121, '4', 30, '2018-07-15 15:15:02', '2018-07-15 15:15:03'),
(122, '5', 30, '2018-07-15 15:15:04', '2018-07-15 15:15:06'),
(123, '6', 30, '2018-07-15 15:15:09', '2018-07-15 15:15:13'),
(124, '1', 31, '2018-07-15 15:15:32', '2018-07-15 15:15:35'),
(125, '2', 31, '2018-07-15 15:15:42', '2018-07-15 15:15:43'),
(126, '3', 31, '2018-07-15 15:15:44', '2018-07-15 15:15:47'),
(127, '4', 31, '2018-07-15 15:15:51', '2018-07-15 15:15:53'),
(128, '5', 31, '2018-07-15 15:15:54', '2018-07-15 15:15:58'),
(129, '6', 31, '2018-07-15 15:15:58', '2018-07-15 15:16:00'),
(130, '1', 32, '2018-07-15 15:16:35', '2018-07-15 15:16:37'),
(131, '2', 32, '2018-07-15 15:16:40', '2018-07-15 15:16:43'),
(132, '3', 32, '2018-07-15 15:16:44', '2018-07-15 15:16:46'),
(133, '4', 32, '2018-07-15 15:16:47', '2018-07-15 15:16:49'),
(134, '5', 32, '2018-07-15 15:16:52', '2018-07-15 15:16:54'),
(135, '6', 32, '2018-07-15 15:16:55', '2018-07-15 15:16:56'),
(136, '1', 34, '2018-07-15 16:10:22', '0000-00-00 00:00:00'),
(137, '1', 35, '2018-07-16 08:39:02', '2018-07-16 08:39:08'),
(138, '2', 35, '2018-07-16 08:39:14', '2018-07-16 08:39:23'),
(139, '3', 35, '2018-07-16 08:39:29', '2018-07-16 08:39:40'),
(140, '4', 35, '2018-07-16 08:39:42', '2018-07-16 08:39:50'),
(141, '5', 35, '2018-07-16 08:39:52', '2018-07-16 08:39:58'),
(142, '6', 35, '2018-07-16 08:39:59', '2018-07-16 08:40:02'),
(143, '1', 36, '2018-07-16 08:40:21', '2018-07-16 08:40:24'),
(144, '2', 36, '2018-07-16 08:40:28', '2018-07-16 08:40:30'),
(145, '3', 36, '2018-07-16 08:40:32', '2018-07-16 08:40:37'),
(146, '4', 36, '2018-07-16 08:40:39', '2018-07-16 08:40:42'),
(147, '5', 36, '2018-07-16 08:40:44', '2018-07-16 08:40:46'),
(148, '6', 36, '2018-07-16 08:40:49', '2018-07-16 08:40:56'),
(149, '1', 37, '2018-07-16 13:09:01', '2018-07-16 13:09:31'),
(150, '2', 37, '2018-07-16 13:09:32', '2018-07-16 13:09:33'),
(151, '3', 37, '2018-07-16 13:09:37', '2018-07-16 13:09:38'),
(152, '4', 37, '2018-07-16 13:09:41', '2018-07-16 13:09:44'),
(153, '5', 37, '2018-07-16 13:09:45', '2018-07-16 13:09:48'),
(154, '6', 37, '2018-07-16 13:09:52', '2018-07-16 13:09:54'),
(155, '1', 38, '2018-07-16 13:10:09', '2018-07-16 13:10:17'),
(156, '2', 38, '2018-07-16 13:10:19', '2018-07-16 13:10:24'),
(157, '3', 38, '2018-07-16 13:10:26', '2018-07-16 13:10:27'),
(158, '4', 38, '2018-07-16 13:10:28', '2018-07-16 13:10:32'),
(159, '5', 38, '2018-07-16 13:10:33', '2018-07-16 13:10:36'),
(160, '6', 38, '2018-07-16 13:10:39', '2018-07-16 13:10:42'),
(161, '1', 39, '2018-07-16 13:34:12', '0000-00-00 00:00:00'),
(162, '1', 40, '2018-07-16 13:35:23', '2018-07-16 13:35:28'),
(163, '2', 40, '2018-07-16 13:35:29', '2018-07-16 13:35:30'),
(164, '3', 40, '2018-07-16 13:35:32', '2018-07-16 13:35:33'),
(165, '4', 40, '2018-07-16 13:35:33', '2018-07-16 13:35:35'),
(166, '5', 40, '2018-07-16 13:35:37', '2018-07-16 13:35:41'),
(167, '6', 40, '2018-07-16 13:35:43', '2018-07-16 13:35:44'),
(168, '1', 41, '2018-07-16 13:37:10', '2018-07-16 13:37:10'),
(169, '2', 41, '2018-07-16 13:37:12', '2018-07-16 13:37:14'),
(170, '3', 41, '2018-07-16 13:37:15', '2018-07-16 13:37:18'),
(171, '4', 41, '2018-07-16 13:37:20', '2018-07-16 13:37:22'),
(172, '5', 41, '2018-07-16 13:37:25', '2018-07-16 13:37:30'),
(173, '6', 41, '2018-07-16 13:37:30', '2018-07-16 13:37:33'),
(174, '1', 42, '2018-07-16 13:49:03', '2018-07-16 13:49:05'),
(175, '2', 42, '2018-07-16 13:49:05', '2018-07-16 13:49:06'),
(176, '3', 42, '2018-07-16 13:49:07', '2018-07-16 13:49:08'),
(177, '1', 43, '2018-07-16 13:49:28', '2018-07-16 13:49:29'),
(178, '2', 43, '2018-07-16 13:49:32', '2018-07-16 13:49:33'),
(179, '3', 43, '2018-07-16 13:49:34', '2018-07-16 13:49:34'),
(180, '4', 43, '2018-07-16 13:49:35', '2018-07-16 13:49:36'),
(181, '5', 43, '2018-07-16 13:49:38', '2018-07-16 13:49:39'),
(182, '6', 43, '2018-07-16 13:49:42', '2018-07-16 13:49:44'),
(183, '1', 45, '2018-07-16 14:14:55', '2018-07-16 14:15:12'),
(184, '2', 45, '2018-07-16 14:15:13', '2018-07-16 14:15:14'),
(185, '3', 45, '2018-07-16 14:15:15', '2018-07-16 14:15:16'),
(186, '4', 45, '2018-07-16 14:15:18', '2018-07-16 14:15:19'),
(187, '5', 45, '2018-07-16 14:15:22', '2018-07-16 14:15:23'),
(188, '6', 45, '2018-07-16 14:15:24', '2018-07-16 14:15:24');

-- --------------------------------------------------------

--
-- Struttura della tabella `logging`
--

CREATE TABLE `logging` (
  `id` int(11) NOT NULL,
  `idUser` int(11) NOT NULL,
  `idTopic` int(11) NOT NULL,
  `idResource` int(11) NOT NULL,
  `timestamp` timestamp NOT NULL DEFAULT CURRENT_TIMESTAMP,
  `idRound` int(11) NOT NULL,
  `idLevel` int(11) DEFAULT NULL,
  `partnerChosen` bit(1) DEFAULT NULL,
  `chosen` bit(1) DEFAULT NULL
) ENGINE=InnoDB DEFAULT CHARSET=utf8 ROW_FORMAT=DYNAMIC;

--
-- Dump dei dati per la tabella `logging`
--

INSERT INTO `logging` (`id`, `idUser`, `idTopic`, `idResource`, `timestamp`, `idRound`, `idLevel`, `partnerChosen`, `chosen`) VALUES
(1, 1, 6, 102995, '2018-07-16 08:39:08', 35, 137, b'1', b'0'),
(2, 1, 81, 102995, '2018-07-16 08:39:08', 35, 137, b'0', b'0'),
(3, 1, 82, 102995, '2018-07-16 08:39:08', 35, 137, b'0', b'0'),
(4, 1, 83, 102995, '2018-07-16 08:39:08', 35, 137, b'0', b'0'),
(5, 1, 84, 102995, '2018-07-16 08:39:08', 35, 137, b'0', b'1'),
(6, 1, 85, 102995, '2018-07-16 08:39:08', 35, 137, b'0', b'0'),
(7, 1, 6, 103000, '2018-07-16 08:39:23', 35, 138, b'0', b'0'),
(8, 1, 93, 103000, '2018-07-16 08:39:23', 35, 138, b'0', b'1'),
(9, 1, 106, 103000, '2018-07-16 08:39:23', 35, 138, b'0', b'0'),
(10, 1, 107, 103000, '2018-07-16 08:39:23', 35, 138, b'1', b'0'),
(11, 1, 108, 103000, '2018-07-16 08:39:23', 35, 138, b'0', b'0'),
(12, 1, 109, 103000, '2018-07-16 08:39:23', 35, 138, b'0', b'0'),
(13, 1, 6, 102991, '2018-07-16 08:39:40', 35, 139, b'0', b'0'),
(14, 1, 9, 102991, '2018-07-16 08:39:40', 35, 139, b'0', b'0'),
(15, 1, 10, 102991, '2018-07-16 08:39:40', 35, 139, b'0', b'1'),
(16, 1, 11, 102991, '2018-07-16 08:39:40', 35, 139, b'0', b'0'),
(17, 1, 33, 102991, '2018-07-16 08:39:40', 35, 139, b'0', b'0'),
(18, 1, 34, 102991, '2018-07-16 08:39:40', 35, 139, b'1', b'0'),
(19, 1, 6, 102999, '2018-07-16 08:39:50', 35, 140, b'0', b'0'),
(20, 1, 101, 102999, '2018-07-16 08:39:50', 35, 140, b'0', b'1'),
(21, 1, 102, 102999, '2018-07-16 08:39:50', 35, 140, b'0', b'0'),
(22, 1, 103, 102999, '2018-07-16 08:39:50', 35, 140, b'1', b'0'),
(23, 1, 104, 102999, '2018-07-16 08:39:50', 35, 140, b'0', b'0'),
(24, 1, 105, 102999, '2018-07-16 08:39:50', 35, 140, b'0', b'0'),
(25, 1, 6, 102993, '2018-07-16 08:39:58', 35, 141, b'0', b'0'),
(26, 1, 15, 102993, '2018-07-16 08:39:58', 35, 141, b'0', b'0'),
(27, 1, 67, 102993, '2018-07-16 08:39:58', 35, 141, b'1', b'0'),
(28, 1, 68, 102993, '2018-07-16 08:39:58', 35, 141, b'0', b'0'),
(29, 1, 69, 102993, '2018-07-16 08:39:58', 35, 141, b'0', b'1'),
(30, 1, 70, 102993, '2018-07-16 08:39:58', 35, 141, b'0', b'0'),
(31, 1, 6, 102992, '2018-07-16 08:40:02', 35, 142, b'0', b'0'),
(32, 1, 71, 102992, '2018-07-16 08:40:02', 35, 142, b'1', b'1'),
(33, 1, 72, 102992, '2018-07-16 08:40:02', 35, 142, b'0', b'0'),
(34, 1, 73, 102992, '2018-07-16 08:40:02', 35, 142, b'0', b'0'),
(35, 1, 74, 102992, '2018-07-16 08:40:02', 35, 142, b'0', b'0'),
(36, 1, 75, 102992, '2018-07-16 08:40:02', 35, 142, b'0', b'0'),
(37, 1, 6, 102977, '2018-07-16 08:40:24', 36, 143, b'0', b'1'),
(38, 1, 13, 102977, '2018-07-16 08:40:24', 36, 143, b'0', b'0'),
(39, 1, 14, 102977, '2018-07-16 08:40:24', 36, 143, b'0', b'0'),
(40, 1, 14, 102977, '2018-07-16 08:40:24', 36, 143, b'0', b'0'),
(41, 1, 15, 102977, '2018-07-16 08:40:24', 36, 143, b'1', b'0'),
(42, 1, 16, 102977, '2018-07-16 08:40:24', 36, 143, b'0', b'0'),
(43, 1, 17, 102977, '2018-07-16 08:40:24', 36, 143, b'0', b'0'),
(44, 1, 6, 102982, '2018-07-16 08:40:30', 36, 144, b'1', b'0'),
(45, 1, 28, 102982, '2018-07-16 08:40:30', 36, 144, b'0', b'1'),
(46, 1, 29, 102982, '2018-07-16 08:40:30', 36, 144, b'0', b'0'),
(47, 1, 30, 102982, '2018-07-16 08:40:30', 36, 144, b'0', b'0'),
(48, 1, 31, 102982, '2018-07-16 08:40:30', 36, 144, b'0', b'0'),
(49, 1, 32, 102982, '2018-07-16 08:40:30', 36, 144, b'0', b'0'),
(50, 1, 6, 102985, '2018-07-16 08:40:37', 36, 145, b'0', b'0'),
(51, 1, 35, 102985, '2018-07-16 08:40:37', 36, 145, b'0', b'0'),
(52, 1, 36, 102985, '2018-07-16 08:40:37', 36, 145, b'0', b'1'),
(53, 1, 37, 102985, '2018-07-16 08:40:37', 36, 145, b'0', b'0'),
(54, 1, 38, 102985, '2018-07-16 08:40:37', 36, 145, b'1', b'0'),
(55, 1, 39, 102985, '2018-07-16 08:40:37', 36, 145, b'0', b'0'),
(56, 1, 6, 102994, '2018-07-16 08:40:42', 36, 146, b'1', b'1'),
(57, 1, 76, 102994, '2018-07-16 08:40:42', 36, 146, b'0', b'0'),
(58, 1, 77, 102994, '2018-07-16 08:40:42', 36, 146, b'0', b'0'),
(59, 1, 78, 102994, '2018-07-16 08:40:42', 36, 146, b'0', b'0'),
(60, 1, 79, 102994, '2018-07-16 08:40:42', 36, 146, b'0', b'0'),
(61, 1, 80, 102994, '2018-07-16 08:40:42', 36, 146, b'0', b'0'),
(62, 1, 2, 102987, '2018-07-16 08:40:46', 36, 147, b'0', b'1'),
(63, 1, 6, 102987, '2018-07-16 08:40:46', 36, 147, b'0', b'0'),
(64, 1, 9, 102987, '2018-07-16 08:40:46', 36, 147, b'0', b'0'),
(65, 1, 11, 102987, '2018-07-16 08:40:46', 36, 147, b'1', b'0'),
(66, 1, 50, 102987, '2018-07-16 08:40:46', 36, 147, b'0', b'0'),
(67, 1, 51, 102987, '2018-07-16 08:40:46', 36, 147, b'0', b'0'),
(68, 1, 6, 102989, '2018-07-16 08:40:56', 36, 148, b'0', b'0'),
(69, 1, 57, 102989, '2018-07-16 08:40:56', 36, 148, b'0', b'0'),
(70, 1, 58, 102989, '2018-07-16 08:40:56', 36, 148, b'0', b'1'),
(71, 1, 59, 102989, '2018-07-16 08:40:56', 36, 148, b'1', b'0'),
(72, 1, 60, 102989, '2018-07-16 08:40:56', 36, 148, b'0', b'0'),
(73, 1, 61, 102989, '2018-07-16 08:40:56', 36, 148, b'0', b'0'),
(74, 3, 6, 102995, '2018-07-16 13:09:30', 37, 149, b'1', b'0'),
(75, 3, 81, 102995, '2018-07-16 13:09:30', 37, 149, b'0', b'0'),
(76, 3, 82, 102995, '2018-07-16 13:09:30', 37, 149, b'0', b'0'),
(77, 3, 83, 102995, '2018-07-16 13:09:30', 37, 149, b'0', b'0'),
(78, 3, 84, 102995, '2018-07-16 13:09:31', 37, 149, b'0', b'1'),
(79, 3, 85, 102995, '2018-07-16 13:09:31', 37, 149, b'0', b'0'),
(80, 3, 6, 102989, '2018-07-16 13:09:33', 37, 150, b'0', b'0'),
(81, 3, 57, 102989, '2018-07-16 13:09:33', 37, 150, b'0', b'0'),
(82, 3, 58, 102989, '2018-07-16 13:09:33', 37, 150, b'1', b'1'),
(83, 3, 59, 102989, '2018-07-16 13:09:33', 37, 150, b'0', b'0'),
(84, 3, 60, 102989, '2018-07-16 13:09:33', 37, 150, b'0', b'0'),
(85, 3, 61, 102989, '2018-07-16 13:09:33', 37, 150, b'0', b'0'),
(86, 3, 6, 102991, '2018-07-16 13:09:38', 37, 151, b'0', b'1'),
(87, 3, 9, 102991, '2018-07-16 13:09:38', 37, 151, b'0', b'0'),
(88, 3, 10, 102991, '2018-07-16 13:09:38', 37, 151, b'1', b'0'),
(89, 3, 11, 102991, '2018-07-16 13:09:38', 37, 151, b'0', b'0'),
(90, 3, 33, 102991, '2018-07-16 13:09:38', 37, 151, b'0', b'0'),
(91, 3, 34, 102991, '2018-07-16 13:09:38', 37, 151, b'0', b'0'),
(92, 3, 6, 102992, '2018-07-16 13:09:44', 37, 152, b'0', b'0'),
(93, 3, 71, 102992, '2018-07-16 13:09:44', 37, 152, b'1', b'1'),
(94, 3, 72, 102992, '2018-07-16 13:09:44', 37, 152, b'0', b'0'),
(95, 3, 73, 102992, '2018-07-16 13:09:44', 37, 152, b'0', b'0'),
(96, 3, 74, 102992, '2018-07-16 13:09:44', 37, 152, b'0', b'0'),
(97, 3, 75, 102992, '2018-07-16 13:09:44', 37, 152, b'0', b'0'),
(98, 3, 6, 102993, '2018-07-16 13:09:47', 37, 153, b'0', b'0'),
(99, 3, 15, 102993, '2018-07-16 13:09:47', 37, 153, b'0', b'0'),
(100, 3, 67, 102993, '2018-07-16 13:09:47', 37, 153, b'0', b'0'),
(101, 3, 68, 102993, '2018-07-16 13:09:47', 37, 153, b'0', b'0'),
(102, 3, 69, 102993, '2018-07-16 13:09:47', 37, 153, b'1', b'1'),
(103, 3, 70, 102993, '2018-07-16 13:09:47', 37, 153, b'0', b'0'),
(104, 3, 6, 102999, '2018-07-16 13:09:54', 37, 154, b'0', b'1'),
(105, 3, 101, 102999, '2018-07-16 13:09:54', 37, 154, b'1', b'0'),
(106, 3, 102, 102999, '2018-07-16 13:09:54', 37, 154, b'0', b'0'),
(107, 3, 103, 102999, '2018-07-16 13:09:54', 37, 154, b'0', b'0'),
(108, 3, 104, 102999, '2018-07-16 13:09:54', 37, 154, b'0', b'0'),
(109, 3, 105, 102999, '2018-07-16 13:09:54', 37, 154, b'0', b'0'),
(110, 3, 6, 102986, '2018-07-16 13:10:17', 38, 155, b'0', b'0'),
(111, 3, 40, 102986, '2018-07-16 13:10:17', 38, 155, b'0', b'0'),
(112, 3, 41, 102986, '2018-07-16 13:10:17', 38, 155, b'0', b'0'),
(113, 3, 42, 102986, '2018-07-16 13:10:17', 38, 155, b'0', b'0'),
(114, 3, 43, 102986, '2018-07-16 13:10:17', 38, 155, b'1', b'1'),
(115, 3, 44, 102986, '2018-07-16 13:10:17', 38, 155, b'0', b'0'),
(116, 3, 6, 102985, '2018-07-16 13:10:24', 38, 156, b'0', b'0'),
(117, 3, 35, 102985, '2018-07-16 13:10:24', 38, 156, b'0', b'0'),
(118, 3, 36, 102985, '2018-07-16 13:10:24', 38, 156, b'1', b'0'),
(119, 3, 37, 102985, '2018-07-16 13:10:24', 38, 156, b'0', b'0'),
(120, 3, 38, 102985, '2018-07-16 13:10:24', 38, 156, b'0', b'0'),
(121, 3, 39, 102985, '2018-07-16 13:10:24', 38, 156, b'0', b'1'),
(122, 3, 6, 102994, '2018-07-16 13:10:27', 38, 157, b'1', b'1'),
(123, 3, 76, 102994, '2018-07-16 13:10:27', 38, 157, b'0', b'0'),
(124, 3, 77, 102994, '2018-07-16 13:10:27', 38, 157, b'0', b'0'),
(125, 3, 78, 102994, '2018-07-16 13:10:27', 38, 157, b'0', b'0'),
(126, 3, 79, 102994, '2018-07-16 13:10:27', 38, 157, b'0', b'0'),
(127, 3, 80, 102994, '2018-07-16 13:10:27', 38, 157, b'0', b'0'),
(128, 3, 6, 102977, '2018-07-16 13:10:32', 38, 158, b'1', b'0'),
(129, 3, 13, 102977, '2018-07-16 13:10:32', 38, 158, b'0', b'0'),
(130, 3, 14, 102977, '2018-07-16 13:10:32', 38, 158, b'0', b'0'),
(131, 3, 14, 102977, '2018-07-16 13:10:32', 38, 158, b'0', b'0'),
(132, 3, 15, 102977, '2018-07-16 13:10:32', 38, 158, b'0', b'0'),
(133, 3, 16, 102977, '2018-07-16 13:10:32', 38, 158, b'0', b'1'),
(134, 3, 17, 102977, '2018-07-16 13:10:32', 38, 158, b'0', b'0'),
(135, 3, 2, 102987, '2018-07-16 13:10:36', 38, 159, b'1', b'1'),
(136, 3, 6, 102987, '2018-07-16 13:10:36', 38, 159, b'0', b'0'),
(137, 3, 9, 102987, '2018-07-16 13:10:36', 38, 159, b'0', b'0'),
(138, 3, 11, 102987, '2018-07-16 13:10:36', 38, 159, b'0', b'0'),
(139, 3, 50, 102987, '2018-07-16 13:10:36', 38, 159, b'0', b'0'),
(140, 3, 51, 102987, '2018-07-16 13:10:36', 38, 159, b'0', b'0'),
(141, 3, 6, 102982, '2018-07-16 13:10:42', 38, 160, b'0', b'0'),
(142, 3, 28, 102982, '2018-07-16 13:10:42', 38, 160, b'1', b'0'),
(143, 3, 29, 102982, '2018-07-16 13:10:42', 38, 160, b'0', b'1'),
(144, 3, 30, 102982, '2018-07-16 13:10:42', 38, 160, b'0', b'0'),
(145, 3, 31, 102982, '2018-07-16 13:10:42', 38, 160, b'0', b'0'),
(146, 3, 32, 102982, '2018-07-16 13:10:42', 38, 160, b'0', b'0'),
(147, 5, 6, 102989, '2018-07-16 13:35:28', 40, 162, b'0', b'0'),
(148, 5, 57, 102989, '2018-07-16 13:35:28', 40, 162, b'0', b'0'),
(149, 5, 58, 102989, '2018-07-16 13:35:28', 40, 162, b'1', b'1'),
(150, 5, 59, 102989, '2018-07-16 13:35:28', 40, 162, b'0', b'0'),
(151, 5, 60, 102989, '2018-07-16 13:35:28', 40, 162, b'0', b'0'),
(152, 5, 61, 102989, '2018-07-16 13:35:28', 40, 162, b'0', b'0'),
(153, 5, 6, 102999, '2018-07-16 13:35:30', 40, 163, b'0', b'0'),
(154, 5, 101, 102999, '2018-07-16 13:35:30', 40, 163, b'1', b'1'),
(155, 5, 102, 102999, '2018-07-16 13:35:30', 40, 163, b'0', b'0'),
(156, 5, 103, 102999, '2018-07-16 13:35:30', 40, 163, b'0', b'0'),
(157, 5, 104, 102999, '2018-07-16 13:35:30', 40, 163, b'0', b'0'),
(158, 5, 105, 102999, '2018-07-16 13:35:30', 40, 163, b'0', b'0'),
(159, 5, 6, 102991, '2018-07-16 13:35:33', 40, 164, b'0', b'1'),
(160, 5, 9, 102991, '2018-07-16 13:35:33', 40, 164, b'0', b'0'),
(161, 5, 10, 102991, '2018-07-16 13:35:33', 40, 164, b'1', b'0'),
(162, 5, 11, 102991, '2018-07-16 13:35:33', 40, 164, b'0', b'0'),
(163, 5, 33, 102991, '2018-07-16 13:35:33', 40, 164, b'0', b'0'),
(164, 5, 34, 102991, '2018-07-16 13:35:33', 40, 164, b'0', b'0'),
(165, 5, 6, 102993, '2018-07-16 13:35:35', 40, 165, b'0', b'0'),
(166, 5, 15, 102993, '2018-07-16 13:35:35', 40, 165, b'0', b'0'),
(167, 5, 67, 102993, '2018-07-16 13:35:35', 40, 165, b'0', b'0'),
(168, 5, 68, 102993, '2018-07-16 13:35:35', 40, 165, b'0', b'0'),
(169, 5, 69, 102993, '2018-07-16 13:35:35', 40, 165, b'1', b'1'),
(170, 5, 70, 102993, '2018-07-16 13:35:35', 40, 165, b'0', b'0'),
(171, 5, 6, 102995, '2018-07-16 13:35:41', 40, 166, b'1', b'0'),
(172, 5, 81, 102995, '2018-07-16 13:35:41', 40, 166, b'0', b'0'),
(173, 5, 82, 102995, '2018-07-16 13:35:41', 40, 166, b'0', b'1'),
(174, 5, 83, 102995, '2018-07-16 13:35:41', 40, 166, b'0', b'0'),
(175, 5, 84, 102995, '2018-07-16 13:35:41', 40, 166, b'0', b'0'),
(176, 5, 85, 102995, '2018-07-16 13:35:41', 40, 166, b'0', b'0'),
(177, 5, 6, 102992, '2018-07-16 13:35:44', 40, 167, b'0', b'1'),
(178, 5, 71, 102992, '2018-07-16 13:35:44', 40, 167, b'1', b'0'),
(179, 5, 72, 102992, '2018-07-16 13:35:44', 40, 167, b'0', b'0'),
(180, 5, 73, 102992, '2018-07-16 13:35:44', 40, 167, b'0', b'0'),
(181, 5, 74, 102992, '2018-07-16 13:35:44', 40, 167, b'0', b'0'),
(182, 5, 75, 102992, '2018-07-16 13:35:44', 40, 167, b'0', b'0'),
(183, 4, 6, 102999, '2018-07-16 13:37:10', 41, 168, b'0', b'0'),
(184, 4, 101, 102999, '2018-07-16 13:37:10', 41, 168, b'1', b'1'),
(185, 4, 102, 102999, '2018-07-16 13:37:10', 41, 168, b'0', b'0'),
(186, 4, 103, 102999, '2018-07-16 13:37:10', 41, 168, b'0', b'0'),
(187, 4, 104, 102999, '2018-07-16 13:37:10', 41, 168, b'0', b'0'),
(188, 4, 105, 102999, '2018-07-16 13:37:10', 41, 168, b'0', b'0'),
(189, 4, 6, 102995, '2018-07-16 13:37:14', 41, 169, b'1', b'0'),
(190, 4, 81, 102995, '2018-07-16 13:37:14', 41, 169, b'0', b'0'),
(191, 4, 82, 102995, '2018-07-16 13:37:14', 41, 169, b'0', b'1'),
(192, 4, 83, 102995, '2018-07-16 13:37:14', 41, 169, b'0', b'0'),
(193, 4, 84, 102995, '2018-07-16 13:37:14', 41, 169, b'0', b'0'),
(194, 4, 85, 102995, '2018-07-16 13:37:14', 41, 169, b'0', b'0'),
(195, 4, 6, 102993, '2018-07-16 13:37:18', 41, 170, b'0', b'0'),
(196, 4, 15, 102993, '2018-07-16 13:37:18', 41, 170, b'0', b'0'),
(197, 4, 67, 102993, '2018-07-16 13:37:18', 41, 170, b'0', b'0'),
(198, 4, 68, 102993, '2018-07-16 13:37:18', 41, 170, b'0', b'0'),
(199, 4, 69, 102993, '2018-07-16 13:37:18', 41, 170, b'1', b'1'),
(200, 4, 70, 102993, '2018-07-16 13:37:18', 41, 170, b'0', b'0'),
(201, 4, 6, 102991, '2018-07-16 13:37:22', 41, 171, b'1', b'0'),
(202, 4, 9, 102991, '2018-07-16 13:37:22', 41, 171, b'0', b'0'),
(203, 4, 10, 102991, '2018-07-16 13:37:22', 41, 171, b'0', b'1'),
(204, 4, 11, 102991, '2018-07-16 13:37:22', 41, 171, b'0', b'0'),
(205, 4, 33, 102991, '2018-07-16 13:37:22', 41, 171, b'0', b'0'),
(206, 4, 34, 102991, '2018-07-16 13:37:22', 41, 171, b'0', b'0'),
(207, 4, 6, 102989, '2018-07-16 13:37:30', 41, 172, b'0', b'0'),
(208, 4, 57, 102989, '2018-07-16 13:37:30', 41, 172, b'0', b'0'),
(209, 4, 58, 102989, '2018-07-16 13:37:30', 41, 172, b'1', b'1'),
(210, 4, 59, 102989, '2018-07-16 13:37:30', 41, 172, b'0', b'0'),
(211, 4, 60, 102989, '2018-07-16 13:37:30', 41, 172, b'0', b'0'),
(212, 4, 61, 102989, '2018-07-16 13:37:30', 41, 172, b'0', b'0'),
(213, 4, 6, 102992, '2018-07-16 13:37:33', 41, 173, b'0', b'0'),
(214, 4, 71, 102992, '2018-07-16 13:37:33', 41, 173, b'1', b'1'),
(215, 4, 72, 102992, '2018-07-16 13:37:33', 41, 173, b'0', b'0'),
(216, 4, 73, 102992, '2018-07-16 13:37:33', 41, 173, b'0', b'0'),
(217, 4, 74, 102992, '2018-07-16 13:37:33', 41, 173, b'0', b'0'),
(218, 4, 75, 102992, '2018-07-16 13:37:33', 41, 173, b'0', b'0'),
(219, 4, 6, 102985, '2018-07-16 13:49:05', 42, 174, b'0', b'0'),
(220, 4, 35, 102985, '2018-07-16 13:49:05', 42, 174, b'0', b'1'),
(221, 4, 36, 102985, '2018-07-16 13:49:05', 42, 174, b'1', b'0'),
(222, 4, 37, 102985, '2018-07-16 13:49:05', 42, 174, b'0', b'0'),
(223, 4, 38, 102985, '2018-07-16 13:49:05', 42, 174, b'0', b'0'),
(224, 4, 39, 102985, '2018-07-16 13:49:05', 42, 174, b'0', b'0'),
(225, 4, 6, 102981, '2018-07-16 13:49:06', 42, 175, b'0', b'0'),
(226, 4, 57, 102981, '2018-07-16 13:49:06', 42, 175, b'0', b'0'),
(227, 4, 58, 102981, '2018-07-16 13:49:06', 42, 175, b'0', b'1'),
(228, 4, 59, 102981, '2018-07-16 13:49:06', 42, 175, b'1', b'0'),
(229, 4, 60, 102981, '2018-07-16 13:49:06', 42, 175, b'0', b'0'),
(230, 4, 61, 102981, '2018-07-16 13:49:06', 42, 175, b'0', b'0'),
(231, 4, 6, 102977, '2018-07-16 13:49:08', 42, 176, b'1', b'0'),
(232, 4, 13, 102977, '2018-07-16 13:49:08', 42, 176, b'0', b'0'),
(233, 4, 14, 102977, '2018-07-16 13:49:08', 42, 176, b'0', b'0'),
(234, 4, 14, 102977, '2018-07-16 13:49:08', 42, 176, b'0', b'0'),
(235, 4, 15, 102977, '2018-07-16 13:49:08', 42, 176, b'0', b'0'),
(236, 4, 16, 102977, '2018-07-16 13:49:08', 42, 176, b'0', b'1'),
(237, 4, 17, 102977, '2018-07-16 13:49:08', 42, 176, b'0', b'0'),
(238, 4, 6, 102982, '2018-07-16 13:49:29', 43, 177, b'0', b'0'),
(239, 4, 28, 102982, '2018-07-16 13:49:29', 43, 177, b'1', b'0'),
(240, 4, 29, 102982, '2018-07-16 13:49:29', 43, 177, b'0', b'1'),
(241, 4, 30, 102982, '2018-07-16 13:49:29', 43, 177, b'0', b'0'),
(242, 4, 31, 102982, '2018-07-16 13:49:29', 43, 177, b'0', b'0'),
(243, 4, 32, 102982, '2018-07-16 13:49:29', 43, 177, b'0', b'0'),
(244, 4, 6, 102988, '2018-07-16 13:49:33', 43, 178, b'0', b'0'),
(245, 4, 45, 102988, '2018-07-16 13:49:33', 43, 178, b'0', b'0'),
(246, 4, 46, 102988, '2018-07-16 13:49:33', 43, 178, b'1', b'0'),
(247, 4, 47, 102988, '2018-07-16 13:49:33', 43, 178, b'0', b'0'),
(248, 4, 48, 102988, '2018-07-16 13:49:33', 43, 178, b'0', b'1'),
(249, 4, 49, 102988, '2018-07-16 13:49:33', 43, 178, b'0', b'0'),
(250, 4, 6, 102984, '2018-07-16 13:49:34', 43, 179, b'0', b'0'),
(251, 4, 52, 102984, '2018-07-16 13:49:34', 43, 179, b'0', b'0'),
(252, 4, 53, 102984, '2018-07-16 13:49:34', 43, 179, b'0', b'0'),
(253, 4, 54, 102984, '2018-07-16 13:49:34', 43, 179, b'0', b'0'),
(254, 4, 55, 102984, '2018-07-16 13:49:34', 43, 179, b'0', b'0'),
(255, 4, 56, 102984, '2018-07-16 13:49:34', 43, 179, b'1', b'1'),
(256, 4, 6, 102986, '2018-07-16 13:49:36', 43, 180, b'0', b'1'),
(257, 4, 40, 102986, '2018-07-16 13:49:36', 43, 180, b'0', b'0'),
(258, 4, 41, 102986, '2018-07-16 13:49:36', 43, 180, b'0', b'0'),
(259, 4, 42, 102986, '2018-07-16 13:49:36', 43, 180, b'0', b'0'),
(260, 4, 43, 102986, '2018-07-16 13:49:36', 43, 180, b'1', b'0'),
(261, 4, 44, 102986, '2018-07-16 13:49:36', 43, 180, b'0', b'0'),
(262, 4, 6, 102983, '2018-07-16 13:49:39', 43, 181, b'0', b'0'),
(263, 4, 18, 102983, '2018-07-16 13:49:39', 43, 181, b'0', b'1'),
(264, 4, 19, 102983, '2018-07-16 13:49:39', 43, 181, b'1', b'0'),
(265, 4, 20, 102983, '2018-07-16 13:49:39', 43, 181, b'0', b'0'),
(266, 4, 21, 102983, '2018-07-16 13:49:39', 43, 181, b'0', b'0'),
(267, 4, 22, 102983, '2018-07-16 13:49:39', 43, 181, b'0', b'0'),
(268, 4, 6, 102994, '2018-07-16 13:49:44', 43, 182, b'1', b'1'),
(269, 4, 76, 102994, '2018-07-16 13:49:44', 43, 182, b'0', b'0'),
(270, 4, 77, 102994, '2018-07-16 13:49:44', 43, 182, b'0', b'0'),
(271, 4, 78, 102994, '2018-07-16 13:49:44', 43, 182, b'0', b'0'),
(272, 4, 79, 102994, '2018-07-16 13:49:44', 43, 182, b'0', b'0'),
(273, 4, 80, 102994, '2018-07-16 13:49:44', 43, 182, b'0', b'0'),
(274, 6, 6, 102992, '2018-07-16 14:15:12', 45, 183, b'0', b'0'),
(275, 6, 71, 102992, '2018-07-16 14:15:12', 45, 183, b'1', b'0'),
(276, 6, 72, 102992, '2018-07-16 14:15:12', 45, 183, b'0', b'0'),
(277, 6, 73, 102992, '2018-07-16 14:15:12', 45, 183, b'0', b'0'),
(278, 6, 74, 102992, '2018-07-16 14:15:12', 45, 183, b'0', b'1'),
(279, 6, 75, 102992, '2018-07-16 14:15:12', 45, 183, b'0', b'0'),
(280, 6, 6, 102982, '2018-07-16 14:15:13', 45, 184, b'0', b'0'),
(281, 6, 28, 102982, '2018-07-16 14:15:13', 45, 184, b'0', b'0'),
(282, 6, 29, 102982, '2018-07-16 14:15:13', 45, 184, b'1', b'1'),
(283, 6, 30, 102982, '2018-07-16 14:15:13', 45, 184, b'0', b'0'),
(284, 6, 31, 102982, '2018-07-16 14:15:13', 45, 184, b'0', b'0'),
(285, 6, 32, 102982, '2018-07-16 14:15:13', 45, 184, b'0', b'0'),
(286, 6, 6, 102993, '2018-07-16 14:15:16', 45, 185, b'0', b'0'),
(287, 6, 15, 102993, '2018-07-16 14:15:16', 45, 185, b'0', b'0'),
(288, 6, 67, 102993, '2018-07-16 14:15:16', 45, 185, b'0', b'0'),
(289, 6, 68, 102993, '2018-07-16 14:15:16', 45, 185, b'0', b'0'),
(290, 6, 69, 102993, '2018-07-16 14:15:16', 45, 185, b'1', b'1'),
(291, 6, 70, 102993, '2018-07-16 14:15:16', 45, 185, b'0', b'0'),
(292, 6, 6, 102999, '2018-07-16 14:15:19', 45, 186, b'0', b'1'),
(293, 6, 101, 102999, '2018-07-16 14:15:19', 45, 186, b'1', b'0'),
(294, 6, 102, 102999, '2018-07-16 14:15:19', 45, 186, b'0', b'0'),
(295, 6, 103, 102999, '2018-07-16 14:15:19', 45, 186, b'0', b'0'),
(296, 6, 104, 102999, '2018-07-16 14:15:19', 45, 186, b'0', b'0'),
(297, 6, 105, 102999, '2018-07-16 14:15:19', 45, 186, b'0', b'0'),
(298, 6, 6, 102995, '2018-07-16 14:15:23', 45, 187, b'1', b'0'),
(299, 6, 81, 102995, '2018-07-16 14:15:23', 45, 187, b'0', b'0'),
(300, 6, 82, 102995, '2018-07-16 14:15:23', 45, 187, b'0', b'0'),
(301, 6, 83, 102995, '2018-07-16 14:15:23', 45, 187, b'0', b'0'),
(302, 6, 84, 102995, '2018-07-16 14:15:23', 45, 187, b'0', b'0'),
(303, 6, 85, 102995, '2018-07-16 14:15:23', 45, 187, b'0', b'1'),
(304, 6, 6, 102989, '2018-07-16 14:15:24', 45, 188, b'0', b'0'),
(305, 6, 57, 102989, '2018-07-16 14:15:24', 45, 188, b'0', b'0'),
(306, 6, 58, 102989, '2018-07-16 14:15:24', 45, 188, b'1', b'1'),
(307, 6, 59, 102989, '2018-07-16 14:15:24', 45, 188, b'0', b'0'),
(308, 6, 60, 102989, '2018-07-16 14:15:24', 45, 188, b'0', b'0'),
(309, 6, 61, 102989, '2018-07-16 14:15:24', 45, 188, b'0', b'0');

-- --------------------------------------------------------

--
-- Struttura della tabella `resource`
--

CREATE TABLE `resource` (
  `idResource` int(16) NOT NULL,
  `refId` varchar(128) NOT NULL,
  `label` varchar(128) DEFAULT NULL,
  `lat` double DEFAULT NULL,
  `long` double DEFAULT NULL,
  `url` varchar(256) DEFAULT NULL,
  `orderBy` double DEFAULT NULL
) ENGINE=InnoDB DEFAULT CHARSET=utf8;

--
-- Dump dei dati per la tabella `resource`
--

INSERT INTO `resource` (`idResource`, `refId`, `label`, `lat`, `long`, `url`, `orderBy`) VALUES
(102976, '', NULL, NULL, NULL, 'analogy/resource/trump.png', 0.8903262165194633),
(102977, '', NULL, NULL, NULL, 'analogy/resource/jackson.png', 0.8876543212345678),
(102981, '', NULL, NULL, NULL, 'analogy/resource/cesare.png', 0.8879482317417378),
(102982, '', NULL, NULL, NULL, 'analogy/resource/dante.png', 0.8811482347417378),
(102983, '', NULL, NULL, NULL, 'analogy/resource/et.png', 0.8879482347417378),
(102984, '', NULL, NULL, NULL, 'analogy/resource/gheddafi.png', 0.8879482346417378),
(102985, '', NULL, NULL, NULL, 'analogy/resource/gutenberg.png', 0.8879481347417378),
(102986, '', NULL, NULL, NULL, 'analogy/resource/jobs.png', 0.8879482147417378),
(102987, '', NULL, NULL, NULL, 'analogy/resource/lePen.png', 0.8379482347417379),
(102988, '', NULL, NULL, NULL, 'analogy/resource/letterman.png', 0.8879482347497378),
(102989, '', NULL, NULL, NULL, 'analogy/resource/marie.png', 0.8079482347417378),
(102990, '', NULL, NULL, NULL, 'analogy/resource/napoleone.png', 0.8913232165194633),
(102991, '', NULL, NULL, NULL, 'analogy/resource/obama.png', 0.7879482347417378),
(102992, '', NULL, NULL, NULL, 'analogy/resource/freddie.png', 0.7879382347417379),
(102993, '', NULL, NULL, NULL, 'analogy/resource/morello.png', 0.7879282347417378),
(102994, '', NULL, NULL, NULL, 'analogy/resource/calcutta.png', 0.7879182347417378),
(102995, '', NULL, NULL, NULL, 'analogy/resource/genesis.png', 0.7879082347417378),
(102996, '', NULL, NULL, NULL, 'analogy/resource/daftPunk.png', 0.7879472347417378),
(102997, '', NULL, NULL, NULL, 'analogy/resource/beatles.png', 0.7879462347417377),
(102998, '', NULL, NULL, NULL, 'analogy/resource/eminem.png', 0.7879452347417378),
(102999, '', NULL, NULL, NULL, 'analogy/resource/beethoven.png', 0.7879442347417378),
(103000, '', NULL, NULL, NULL, 'analogy/resource/pinkFloyd.png', 0.7879432347417378),
(103001, '', NULL, NULL, NULL, 'analogy/resource/armstrong.png', 0.7879422347417377);

-- --------------------------------------------------------

--
-- Struttura della tabella `resource_has_topic`
--

CREATE TABLE `resource_has_topic` (
  `id` int(11) NOT NULL,
  `idResource` int(11) NOT NULL,
  `idTopic` int(11) NOT NULL,
  `score` float NOT NULL,
  `timestamp` timestamp NOT NULL DEFAULT CURRENT_TIMESTAMP ON UPDATE CURRENT_TIMESTAMP
) ENGINE=InnoDB DEFAULT CHARSET=utf8;

--
-- Dump dei dati per la tabella `resource_has_topic`
--

INSERT INTO `resource_has_topic` (`id`, `idResource`, `idTopic`, `score`, `timestamp`) VALUES
(143392, 76349, 6, 0, '2017-06-12 15:07:11'),
(147046, 76871, 6, 0, '2017-06-12 15:09:43'),
(170384, 80205, 6, 0, '2017-06-12 19:04:54'),
(194086, 83591, 6, 0, '2017-06-12 21:58:59'),
(225068, 88017, 6, 0, '2017-06-13 04:08:29'),
(260614, 93095, 6, 0, '2017-06-13 11:57:33'),
(288004, 97008, 6, 0, '2017-06-16 18:37:55'),
(304370, 99346, 6, 0.0919699, '2018-07-15 14:27:04'),
(316676, 101104, 6, 0, '2017-06-28 09:41:36'),
(329766, 102974, 6, 0.25, '2018-07-15 14:08:14'),
(329800, 102977, 6, 0.25, '2018-07-16 08:40:57'),
(329801, 102976, 9, 0.251608, '2018-07-14 13:37:33'),
(329802, 102976, 10, 0.0462806, '2018-07-13 03:51:10'),
(329803, 102976, 11, 0.43394, '2018-07-11 11:56:25'),
(329804, 102976, 2, 0.330114, '2018-07-15 14:29:24'),
(329805, 102976, 12, 0.0124468, '2018-07-13 03:47:18'),
(329806, 102976, 6, 0.59197, '2018-07-15 14:08:14'),
(329814, 102977, 14, 0.785441, '2018-07-15 15:16:02'),
(329815, 102977, 13, 0.116863, '2018-07-15 14:27:33'),
(329816, 102977, 14, 0.785441, '2018-07-15 15:16:02'),
(329817, 102977, 15, 0, '2018-07-13 03:48:54'),
(329818, 102977, 16, 0.25, '2018-07-16 13:10:45'),
(329819, 102977, 17, 0, '2018-07-13 03:48:50'),
(329820, 102983, 18, 0.283834, '2018-07-16 13:49:45'),
(329821, 102983, 19, 0.0919699, '2018-07-15 15:16:58'),
(329822, 102983, 20, 0, '2018-07-13 05:22:34'),
(329823, 102983, 21, 0, '2018-07-13 05:22:34'),
(329824, 102983, 22, 0, '2018-07-13 05:22:49'),
(329825, 102983, 6, 0.217774, '2018-07-15 14:28:00'),
(329826, 102990, 23, 0, '2018-07-13 05:30:11'),
(329827, 102990, 24, 0.25, '2018-07-15 14:29:24'),
(329828, 102990, 25, 0.25, '2018-07-15 14:08:14'),
(329829, 102990, 26, 0.0338338, '2018-07-13 05:38:43'),
(329830, 102990, 27, 0, '2018-07-13 05:30:35'),
(329831, 102990, 6, 0, '2018-07-13 05:30:35'),
(329832, 102982, 28, 0.296281, '2018-07-16 08:40:57'),
(329833, 102982, 29, 0.696387, '2018-07-16 14:15:26'),
(329834, 102982, 30, 0.25, '2018-07-14 04:21:00'),
(329835, 102982, 31, 0.0462806, '2018-07-14 05:33:56'),
(329836, 102982, 32, 0.34197, '2018-07-15 15:16:02'),
(329837, 102982, 6, 0.0919699, '2018-07-14 13:18:35'),
(329838, 102991, 9, 0.0462806, '2018-07-15 13:57:21'),
(329839, 102991, 10, 0.901714, '2018-07-16 13:37:35'),
(329840, 102991, 11, 0.0124468, '2018-07-14 03:17:18'),
(329841, 102991, 33, 0, '2018-07-13 09:45:30'),
(329842, 102991, 34, 0.0124468, '2018-07-14 05:25:58'),
(329843, 102991, 6, 0.27591, '2018-07-16 13:35:47'),
(329844, 102985, 35, 0.0919699, '2018-07-15 14:28:00'),
(329845, 102985, 36, 0.43394, '2018-07-16 08:40:57'),
(329846, 102985, 37, 0.0462806, '2018-07-14 13:19:06'),
(329847, 102985, 38, 0, '2018-07-13 10:03:06'),
(329848, 102985, 39, 0.25, '2018-07-16 13:10:45'),
(329849, 102985, 6, 0.0124468, '2018-07-14 05:26:42'),
(329850, 102986, 40, 0, '2018-07-13 10:09:38'),
(329851, 102986, 41, 0.0919699, '2018-07-15 14:28:00'),
(329852, 102986, 42, 0, '2018-07-13 10:09:50'),
(329853, 102986, 43, 0.25, '2018-07-16 13:10:45'),
(329854, 102986, 44, 0.208833, '2018-07-15 15:16:58'),
(329855, 102986, 6, 0.283834, '2018-07-16 13:49:45'),
(329856, 102988, 45, 0.25, '2018-07-15 14:29:24'),
(329857, 102988, 46, 0.25, '2018-07-15 14:08:14'),
(329858, 102988, 47, 0.0338338, '2018-07-14 13:37:33'),
(329859, 102988, 48, 0.25, '2018-07-16 13:49:45'),
(329860, 102988, 49, 0, '2018-07-13 10:16:33'),
(329861, 102988, 6, 0, '2018-07-13 10:16:33'),
(329862, 102987, 50, 0.0462806, '2018-07-14 05:33:56'),
(329863, 102987, 51, 0.0919699, '2018-07-15 14:27:33'),
(329864, 102987, 9, 0.0462806, '2018-07-14 04:23:26'),
(329865, 102987, 11, 0.0124468, '2018-07-14 05:25:58'),
(329866, 102987, 2, 1.09197, '2018-07-16 13:10:45'),
(329867, 102987, 6, 0.0919699, '2018-07-15 14:06:44'),
(329868, 102984, 52, 0.0919699, '2018-07-15 14:07:13'),
(329869, 102984, 53, 0, '2018-07-13 10:28:34'),
(329870, 102984, 54, 0.0338338, '2018-07-14 13:37:33'),
(329871, 102984, 55, 0.0919699, '2018-07-15 15:16:58'),
(329872, 102984, 56, 0.34197, '2018-07-16 13:49:45'),
(329873, 102984, 6, 0, '2018-07-13 10:28:57'),
(329874, 102989, 57, 0.196387, '2018-07-15 14:06:09'),
(329875, 102989, 58, 0.630327, '2018-07-16 14:15:26'),
(329876, 102989, 59, 0, '2018-07-13 10:36:31'),
(329877, 102989, 60, 0.0124468, '2018-07-14 03:17:18'),
(329878, 102989, 61, 0, '2018-07-13 10:36:44'),
(329879, 102989, 6, 0.409637, '2018-07-15 15:16:02'),
(329880, 102981, 57, 0.217774, '2018-07-15 15:16:58'),
(329881, 102981, 58, 0.0248936, '2018-07-14 05:34:34'),
(329882, 102981, 59, 0, '2018-07-13 10:44:23'),
(329883, 102981, 60, 0.0919699, '2018-07-15 14:07:13'),
(329884, 102981, 61, 0, '2018-07-13 10:44:33'),
(329885, 102981, 6, 0, '2018-07-13 10:44:33'),
(329886, 102993, 15, 0.68394, '2018-07-15 14:14:47'),
(329887, 102993, 67, 0.59197, '2018-07-15 14:25:58'),
(329888, 102993, 68, 0, '2018-07-15 06:09:12'),
(329889, 102993, 69, 0.80182, '2018-07-16 14:15:26'),
(329890, 102993, 70, 0.0919699, '2018-07-15 14:03:21'),
(329891, 102993, 6, 0.18394, '2018-07-15 13:59:49'),
(329892, 102992, 71, 0.61788, '2018-07-16 13:37:35'),
(329893, 102992, 72, 0.77591, '2018-07-15 14:14:47'),
(329894, 102992, 73, 0, '2018-07-15 06:20:12'),
(329895, 102992, 74, 0.34197, '2018-07-16 14:15:26'),
(329896, 102992, 75, 0, '2018-07-15 06:20:23'),
(329897, 102992, 6, 0.52591, '2018-07-16 13:35:47'),
(329898, 102994, 76, 0.0919699, '2018-07-15 14:03:21'),
(329899, 102994, 77, 0.27591, '2018-07-15 13:59:49'),
(329900, 102994, 78, 0.18394, '2018-07-15 13:56:41'),
(329901, 102994, 79, 0.5, '2018-07-15 14:14:47'),
(329902, 102994, 80, 0, '2018-07-15 06:26:21'),
(329903, 102994, 6, 2, '2018-07-15 14:18:25'),
(329904, 102995, 81, 0.0919699, '2018-07-15 13:59:49'),
(329905, 102995, 82, 0.77591, '2018-07-15 14:22:51'),
(329906, 102995, 83, 0.25, '2018-07-15 14:14:47'),
(329907, 102995, 84, 0.0919699, '2018-07-15 13:56:41'),
(329908, 102995, 85, 0.59197, '2018-07-15 14:25:58'),
(329909, 102995, 6, 2, '2018-07-15 15:01:00'),
(329910, 102996, 86, 0.25, '2018-07-15 14:01:04'),
(329911, 102996, 87, 0.125804, '2018-07-15 14:27:04'),
(329912, 102996, 88, 0, '2018-07-15 06:41:34'),
(329913, 102996, 89, 0, '2018-07-15 06:41:34'),
(329914, 102996, 90, 0.0919699, '2018-07-15 14:06:09'),
(329915, 102996, 6, 2, '2018-07-15 15:01:15'),
(329916, 102997, 91, 0.25, '2018-07-15 14:15:16'),
(329917, 102997, 92, 0, '2018-07-15 06:57:31'),
(329918, 102997, 93, 0, '2018-07-15 06:57:41'),
(329919, 102997, 94, 0, '2018-07-15 06:57:41'),
(329920, 102997, 95, 0, '2018-07-15 14:12:45'),
(329921, 102997, 6, 2, '2018-07-15 14:18:02'),
(329922, 102998, 96, 0, '2018-07-15 07:03:04'),
(329923, 102998, 97, 1, '2018-07-15 15:15:14'),
(329924, 102998, 98, 0, '2018-07-15 07:03:16'),
(329925, 102998, 99, 0, '2018-07-15 07:03:16'),
(329926, 102998, 100, 0.0338338, '2018-07-15 13:57:21'),
(329927, 102998, 6, 0.18394, '2018-07-15 14:27:04'),
(329928, 102999, 101, 0.52591, '2018-07-16 13:37:35'),
(329929, 102999, 102, 0.25, '2018-07-15 15:15:14'),
(329930, 102999, 103, 0, '2018-07-15 07:08:40'),
(329931, 102999, 104, 0, '2018-07-15 07:08:40'),
(329932, 102999, 105, 0.5, '2018-07-15 14:22:51'),
(329933, 102999, 6, 0.18394, '2018-07-16 14:15:26'),
(329934, 103000, 93, 0.875804, '2018-07-16 08:40:03'),
(329935, 103000, 106, 0, '2018-07-15 07:18:08'),
(329936, 103000, 107, 0, '2018-07-15 14:02:07'),
(329937, 103000, 108, 0, '2018-07-15 14:02:05'),
(329938, 103000, 109, 0.5, '2018-07-15 14:05:37'),
(329939, 103000, 6, 0, '2018-07-15 14:01:59'),
(329940, 103001, 110, 0, '2018-07-15 14:12:57'),
(329941, 103001, 111, 0.25, '2018-07-15 14:14:47'),
(329942, 103001, 112, 0, '2018-07-15 07:25:48'),
(329943, 103001, 113, 0, '2018-07-15 07:25:48'),
(329944, 103001, 114, 0, '2018-07-15 07:25:59'),
(329945, 103001, 6, 2, '2018-07-15 14:17:49');

-- --------------------------------------------------------

--
-- Struttura della tabella `round`
--

CREATE TABLE `round` (
  `idRound` int(11) NOT NULL,
  `startRound` timestamp NOT NULL DEFAULT CURRENT_TIMESTAMP,
  `endRound` timestamp NOT NULL DEFAULT '0000-00-00 00:00:00',
  `idUser` int(11) NOT NULL,
  `score` int(11) NOT NULL
) ENGINE=InnoDB DEFAULT CHARSET=utf8;

--
-- Dump dei dati per la tabella `round`
--

INSERT INTO `round` (`idRound`, `startRound`, `endRound`, `idUser`, `score`) VALUES
(1, '2018-07-15 10:53:25', '2018-07-15 10:53:56', 1, 200),
(2, '2018-07-15 10:54:00', '0000-00-00 00:00:00', 1, 0),
(3, '2018-07-15 13:56:00', '2018-07-15 13:56:41', 1, 150),
(4, '2018-07-15 13:56:52', '2018-07-15 13:57:21', 1, 50),
(5, '2018-07-15 13:57:22', '0000-00-00 00:00:00', 1, 0),
(6, '2018-07-15 13:59:09', '2018-07-15 13:59:49', 1, 50),
(7, '2018-07-15 13:59:50', '2018-07-15 14:01:04', 1, 50),
(8, '2018-07-15 14:02:41', '2018-07-15 14:03:21', 1, 50),
(9, '2018-07-15 14:03:22', '2018-07-15 14:04:00', 1, 100),
(10, '2018-07-15 14:04:01', '0000-00-00 00:00:00', 1, 0),
(11, '2018-07-15 14:05:07', '2018-07-15 14:05:37', 1, 100),
(12, '2018-07-15 14:05:39', '2018-07-15 14:06:09', 1, 50),
(13, '2018-07-15 14:06:10', '2018-07-15 14:06:44', 1, 0),
(14, '2018-07-15 14:06:45', '2018-07-15 14:07:13', 1, 0),
(15, '2018-07-15 14:07:14', '2018-07-15 14:08:14', 1, 150),
(16, '2018-07-15 14:08:15', '0000-00-00 00:00:00', 1, 0),
(17, '2018-07-15 14:14:12', '2018-07-15 14:14:47', 1, 50),
(18, '2018-07-15 14:14:48', '2018-07-15 14:15:15', 1, 150),
(19, '2018-07-15 14:15:16', '0000-00-00 00:00:00', 1, 0),
(20, '2018-07-15 14:19:02', '2018-07-15 14:22:51', 1, 0),
(21, '2018-07-15 14:25:14', '2018-07-15 14:25:58', 3, 100),
(22, '2018-07-15 14:26:34', '2018-07-15 14:27:04', 3, 0),
(23, '2018-07-15 14:27:09', '2018-07-15 14:27:33', 3, 0),
(24, '2018-07-15 14:27:34', '2018-07-15 14:28:00', 3, 50),
(25, '2018-07-15 14:28:01', '2018-07-15 14:29:24', 3, 100),
(26, '2018-07-15 14:29:26', '0000-00-00 00:00:00', 3, 0),
(27, '2018-07-15 15:02:13', '2018-07-15 15:03:30', 1, 0),
(28, '2018-07-15 15:12:43', '0000-00-00 00:00:00', 1, 0),
(29, '2018-07-15 15:13:24', '0000-00-00 00:00:00', 2, 0),
(30, '2018-07-15 15:14:33', '2018-07-15 15:15:14', 1, 350),
(31, '2018-07-15 15:15:16', '2018-07-15 15:16:02', 1, 50),
(32, '2018-07-15 15:16:17', '2018-07-15 15:16:58', 1, 0),
(33, '2018-07-15 15:17:06', '0000-00-00 00:00:00', 1, 0),
(34, '2018-07-15 16:10:11', '0000-00-00 00:00:00', 2, 0),
(35, '2018-07-16 08:38:45', '2018-07-16 08:40:03', 1, 50),
(36, '2018-07-16 08:40:09', '2018-07-16 08:40:57', 1, 50),
(37, '2018-07-16 13:08:43', '2018-07-16 13:09:55', 3, 200),
(38, '2018-07-16 13:09:59', '2018-07-16 13:10:45', 3, 150),
(39, '2018-07-16 13:33:58', '0000-00-00 00:00:00', 5, 0),
(40, '2018-07-16 13:35:10', '2018-07-16 13:35:47', 5, 200),
(41, '2018-07-16 13:36:55', '2018-07-16 13:37:35', 4, 250),
(42, '2018-07-16 13:48:52', '0000-00-00 00:00:00', 4, 0),
(43, '2018-07-16 13:49:16', '2018-07-16 13:49:45', 4, 100),
(44, '2018-07-16 13:49:46', '0000-00-00 00:00:00', 4, 0),
(45, '2018-07-16 14:14:32', '2018-07-16 14:15:26', 6, 200);

-- --------------------------------------------------------

--
-- Struttura della tabella `topic`
--

CREATE TABLE `topic` (
  `idTopic` int(16) NOT NULL,
  `refId` varchar(256) DEFAULT NULL,
  `value` varchar(256) DEFAULT NULL,
  `label` varchar(45) NOT NULL,
  `url` varchar(256) DEFAULT NULL,
  `weight` float DEFAULT NULL
) ENGINE=InnoDB DEFAULT CHARSET=utf8 ROW_FORMAT=DYNAMIC;

--
-- Dump dei dati per la tabella `topic`
--

INSERT INTO `topic` (`idTopic`, `refId`, `value`, `label`, `url`, `weight`) VALUES
(1, NULL, 'black', 'BLACK_DESCRIPTION', NULL, 0.016),
(2, NULL, 'city', 'Matteo Salvini', 'analogy/topic/matteoSalvini.png', 0.719),
(3, NULL, 'stars', 'STARS_DESCRIPTION', NULL, 0.021),
(4, NULL, 'aurora', 'AURORA_DESCRIPTION', NULL, 0.147),
(5, NULL, 'astronaut', 'ISS_DESCRIPTION', NULL, 0.006),
(6, NULL, 'none', 'NONE_DESCRIPTION', 'analogy/topic/none.png', 0.091),
(7, NULL, '404', 'NO_PHOTO_DESCRIPTION', NULL, NULL),
(8, NULL, 'unknown', 'I_DONT_KNOW_DESCRIPTION', NULL, NULL),
(9, NULL, 'silvio', 'Silvio Berlusconi', 'analogy/topic/silvioBerlusconi.png', 0.5),
(10, NULL, 'Mattarella', 'Sergio Mattarella', 'analogy/topic/sergioMattarella.png', 0.3),
(11, NULL, 'Renzi', 'Matteo Renzi', 'analogy/topic/matteoRenzi.png', 0.5),
(12, NULL, 'Gentiloni', 'Paolo Gentiloni', 'analogy/topic/paoloGentiloni.png', 0.4),
(13, NULL, NULL, 'David Bowie', 'analogy/topic/bowie.png', 0.3),
(14, NULL, NULL, 'Elvis Presley', 'analogy/topic/elvis.png', 0.3),
(15, NULL, NULL, 'Jimi Hendrix', 'analogy/topic/hendrix.png', 0.3),
(16, NULL, NULL, 'Mick Jagger', 'analogy/topic/jagger.png', 0.3),
(17, NULL, NULL, 'Kurt Cobain', 'analogy/topic/kurt.png', 0.3),
(18, NULL, NULL, 'I Goonies', 'analogy/topic/goonies.png', 0.3),
(19, NULL, NULL, 'Harry Potter', 'analogy/topic/harry.png', 0.3),
(20, NULL, NULL, 'Hook - Capitano uncino', 'analogy/topic/hook.png', 0.3),
(21, NULL, NULL, 'Jumanji', 'analogy/topic/jumanji.png', 0.3),
(22, NULL, NULL, 'Il signore degli anelli', 'analogy/topic/lord.png', 0.3),
(23, NULL, NULL, 'Giulio Cesare', 'analogy/topic/cesare.png', 0.3),
(24, NULL, NULL, 'Cristoforo Colombo', 'analogy/topic/colombo.png', 0.3),
(25, NULL, NULL, 'Dante Alighieri', 'analogy/topic/dante.png', 0.3),
(26, NULL, NULL, 'Giuseppe Garibaldi', 'analogy/topic/garibaldi.png', 0.3),
(27, NULL, NULL, 'Benito Mussolini', 'analogy/topic/mussolini.png', 0.3),
(28, NULL, NULL, 'William Blake', 'analogy/topic/blake.png', 0.3),
(29, NULL, NULL, 'John Milton', 'analogy/topic/milton.png', 0.3),
(30, NULL, NULL, 'George Orwell', 'analogy/topic/orwell.png', 0.3),
(31, NULL, NULL, 'William Shakespeare', 'analogy/topic/william.png', 0.3),
(32, NULL, NULL, 'William Wordsworth', 'analogy/topic/wordsworth.png', 0.3),
(33, NULL, NULL, 'Enrico Letta', 'analogy/topic/letta.png', 0.3),
(34, NULL, NULL, 'Giorgio Napolitano', 'analogy/topic/napolitano.png', 0.3),
(35, NULL, NULL, 'Alan Turing', 'analogy/topic/turing.png', 0.3),
(36, NULL, NULL, 'John Von Neumann', 'analogy/topic/von.png', 0.3),
(37, NULL, NULL, 'Steve Jobs', 'analogy/topic/jobs.png', 0.3),
(38, NULL, NULL, 'Lszl Br', 'analogy/topic/biro.png', 0.3),
(39, NULL, NULL, 'Tim-Berners Lee', 'analogy/topic/tim.png', 0.3),
(40, NULL, NULL, 'Gianni Agnelli', 'analogy/topic/agnelli.png', 0.3),
(41, NULL, NULL, 'Enzo Ferrari', 'analogy/topic/ferrari.png', 0.3),
(42, NULL, NULL, 'Michele Ferrero', 'analogy/topic/ferrero.png', 0.3),
(43, NULL, NULL, 'Ferruccio Lamborghini', 'analogy/topic/lamborghini.png', 0.3),
(44, NULL, NULL, 'Renzo Piano', 'analogy/topic/piano.png', 0.3),
(45, NULL, NULL, 'Daria Bignardi', 'analogy/topic/bignardi.png', 0.3),
(46, NULL, NULL, 'Paolo Bonolis', 'analogy/topic/bonolis.png', 0.3),
(47, NULL, NULL, 'Alessandro Cattelan', 'analogy/topic/cattelan.png', 0.3),
(48, NULL, NULL, 'Fabio Fazio', 'analogy/topic/fazio.png', 0.3),
(49, NULL, NULL, 'Gerry Scotti', 'analogy/topic/scotti.png', 0.3),
(50, NULL, NULL, 'Giorgia Meloni', 'analogy/topic/meloni.png', 0.3),
(51, NULL, NULL, 'Luigi Di Maio', 'analogy/topic/diMaio.png', 0.3),
(52, NULL, NULL, 'Bashar al-Assad', 'analogy/topic/assad.png', 0.3),
(53, NULL, NULL, 'L Dun', 'analogy/topic/duan.png', 0.3),
(54, NULL, NULL, 'Kim Jong-un', 'analogy/topic/kim.png', 0.3),
(55, NULL, NULL, 'Mao Tse-tung', 'analogy/topic/mao.png', 0.3),
(56, NULL, NULL, 'Saddam Hussein', 'analogy/topic/saddam.png', 0.3),
(57, NULL, NULL, 'Niccol Copernico', 'analogy/topic/copernico.png', 0.3),
(58, NULL, NULL, 'Galileo Galilei', 'analogy/topic/galileo.png', 0.3),
(59, NULL, NULL, 'Giovanni Keplero', 'analogy/topic/keplero.png', 0.3),
(60, NULL, NULL, 'Isaac Newton', 'analogy/topic/newton.png', 0.3),
(61, NULL, NULL, 'Blaise Pascal', 'analogy/topic/pascal.png', 0.3),
(62, NULL, NULL, 'Francesco II dAsburgo-Lorena', 'analogy/topic/asburgo.png', 0.3),
(63, NULL, NULL, 'Adolf Hitler', 'analogy/topic/hitler.png', 0.3),
(64, NULL, NULL, 'Napoleone Bonaparte', 'analogy/topic/napoleone.png', 0.3),
(65, NULL, NULL, 'Iosif Stalin', 'analogy/topic/stalin.png', 0.3),
(66, NULL, NULL, 'Vittorio Emanuele III', 'analogy/topic/vittorio.png', 0.3),
(67, NULL, NULL, 'Eric Clapton', 'analogy/topic/clapton.png', 0.3),
(68, NULL, NULL, 'David Gilmour', 'analogy/topic/gilmour.png', 0.3),
(69, NULL, NULL, 'Jimmy Page', 'analogy/topic/page.png', 0.3),
(70, NULL, NULL, 'Carlos Santana', 'analogy/topic/santana.png', 0.3),
(71, NULL, NULL, 'John Bonham', 'analogy/topic/bonham.png', 0.3),
(72, NULL, NULL, 'Dave Grohl', 'analogy/topic/grohl.png', 0.3),
(73, NULL, NULL, 'Phil Collins', 'analogy/topic/collins.png', 0.3),
(74, NULL, NULL, 'Keith Moon', 'analogy/topic/moon.png', 0.3),
(75, NULL, NULL, 'Ringo Starr', 'analogy/topic/ringo.png', 0.3),
(76, NULL, NULL, 'Lucio Battisti', 'analogy/topic/battisti.png', 0.3),
(77, NULL, NULL, 'Tiziano Ferro', 'analogy/topic/ferro.png', 0.3),
(78, NULL, NULL, 'Gigi D\'Alessio', 'analogy/topic/gigi.png', 0.3),
(79, NULL, NULL, 'Jovanotti', 'analogy/topic/Jovanotti.png', 0.3),
(80, NULL, NULL, 'Luciano Ligabue', 'analogy/topic/ligabue.png', 0.3),
(81, NULL, NULL, 'Banco del mutuo soccorso', 'analogy/topic/banco.png', 0.3),
(82, NULL, NULL, 'Elio e le storie tese', 'analogy/topic/elio.png', 0.3),
(83, NULL, NULL, 'Le orme', 'analogy/topic/orme.png', 0.3),
(84, NULL, NULL, 'PFM', 'analogy/topic/pfm.png', 0.3),
(85, NULL, NULL, 'Pooh', 'analogy/topic/pooh.png', 0.3),
(86, NULL, NULL, 'David Guetta', 'analogy/topic/guetta.png', 0.3),
(87, NULL, NULL, 'Bob Sinclair', 'analogy/topic/sinclair.png', 0.3),
(88, NULL, NULL, 'Eiffel 65', 'analogy/topic/eiffel.png', 0.3),
(89, NULL, NULL, 'Gigi D\'Agostino', 'analogy/topic/gigidag.png', 0.3),
(90, NULL, NULL, 'Pussycat Dolls', 'analogy/topic/pussycat.png', 0.3),
(91, NULL, NULL, 'Blur', 'analogy/topic/blur.png', 0.3),
(92, NULL, NULL, 'Coldplay', 'analogy/topic/coldplay.png', 0.3),
(93, NULL, NULL, 'Metallica', 'analogy/topic/metallica.png', 0.3),
(94, NULL, NULL, 'Oasis', 'analogy/topic/oasis.png', 0.3),
(95, NULL, NULL, 'The Verve', 'analogy/topic/verve.png', 0.3),
(96, NULL, NULL, 'Caparezza', 'analogy/topic/caparezza.png', 0.3),
(97, NULL, NULL, 'Fabri Fibra', 'analogy/topic/fabri.png', 0.3),
(98, NULL, NULL, 'Fedez', 'analogy/topic/fedez.png', 0.3),
(99, NULL, NULL, 'J-Ax', 'analogy/topic/jax.png', 0.3),
(100, NULL, NULL, 'Fabio Rovazzi', 'analogy/topic/rovazzi.png', 0.3),
(101, NULL, NULL, 'Bob Dylan', 'analogy/topic/dylan.png', 0.3),
(102, NULL, NULL, 'Paul McCartney', 'analogy/topic/mccartney.png', 0.3),
(103, NULL, NULL, 'Jim Morrison', 'analogy/topic/morrison.png', 0.3),
(104, NULL, NULL, 'Roger Waters', 'analogy/topic/waters.png', 0.3),
(105, NULL, NULL, 'Frank Zappa', 'analogy/topic/zappa.png', 0.3),
(106, NULL, NULL, 'The Kiss', 'analogy/topic/kiss.png', 0.3),
(107, NULL, NULL, 'Iron Maiden', 'analogy/topic/maiden.png', 0.3),
(108, NULL, NULL, 'Pantera', 'analogy/topic/pantera.png', 0.3),
(109, NULL, NULL, 'Motorhead', 'analogy/topic/motorhead.png', 0.3),
(110, NULL, NULL, 'Chick Corea', 'analogy/topic/corea.png', 0.3),
(111, NULL, NULL, 'Keith Emerson', 'analogy/topic/emerson.png', 0.3),
(112, NULL, NULL, 'Herbie Hancock', 'analogy/topic/hancock.png', 0.3),
(113, NULL, NULL, 'Jon Lord', 'analogy/topic/jlord.png', 0.3),
(114, NULL, NULL, 'Jordan Rudess', 'analogy/topic/rudess.png', 0.3);

-- --------------------------------------------------------

--
-- Struttura della tabella `true_response`
--

CREATE TABLE `true_response` (
  `idRound` int(11) NOT NULL,
  `level` int(11) NOT NULL,
  `idTopicTrue` int(11) NOT NULL,
  `isGT` bit(1) NOT NULL,
  `score` int(11) NOT NULL DEFAULT '0',
  `consecutiveAnswer` int(11) NOT NULL DEFAULT '-1',
  `nErrors` int(11) NOT NULL DEFAULT '0',
  `nGTErrors` int(11) NOT NULL DEFAULT '0',
  `played` bit(1) NOT NULL DEFAULT b'0'
) ENGINE=InnoDB DEFAULT CHARSET=utf8;

--
-- Dump dei dati per la tabella `true_response`
--

INSERT INTO `true_response` (`idRound`, `level`, `idTopicTrue`, `isGT`, `score`, `consecutiveAnswer`, `nErrors`, `nGTErrors`, `played`) VALUES
(1, 1, 110, b'1', 50, 0, 0, 0, b'1'),
(1, 2, 75, b'0', 50, -1, 1, 0, b'1'),
(1, 3, 80, b'0', 50, -1, 2, 0, b'1'),
(1, 4, 5, b'1', 100, 0, 2, 0, b'1'),
(1, 5, 85, b'0', 200, 1, 2, 0, b'1'),
(1, 6, 69, b'0', 200, -1, 3, 0, b'1'),
(2, 1, 96, b'0', 0, -1, 0, 0, b'0'),
(2, 2, 101, b'1', 0, -1, 0, 0, b'0'),
(2, 3, 106, b'0', 0, -1, 0, 0, b'0'),
(2, 4, 88, b'0', 0, -1, 0, 0, b'0'),
(2, 5, 95, b'1', 0, -1, 0, 0, b'0'),
(2, 6, 34, b'0', 0, -1, 0, 0, b'0'),
(3, 1, 82, b'0', 0, -1, 1, 0, b'1'),
(3, 2, 75, b'0', 0, -1, 2, 0, b'1'),
(3, 3, 110, b'1', 0, -1, 3, 1, b'1'),
(3, 4, 68, b'0', 0, -1, 4, 1, b'1'),
(3, 5, 78, b'0', 50, 0, 4, 1, b'1'),
(3, 6, 5, b'1', 150, 1, 4, 1, b'1'),
(4, 1, 95, b'1', 0, -1, 1, 1, b'1'),
(4, 2, 86, b'0', 0, -1, 2, 1, b'1'),
(4, 3, 99, b'0', 0, -1, 3, 1, b'1'),
(4, 4, 93, b'0', 50, 0, 3, 1, b'1'),
(4, 5, 10, b'0', 50, -1, 4, 1, b'1'),
(4, 6, 101, b'1', 50, -1, 5, 2, b'1'),
(6, 1, 72, b'0', 0, -1, 1, 0, b'1'),
(6, 2, 79, b'0', 0, -1, 2, 0, b'1'),
(6, 3, 67, b'0', 0, -1, 3, 0, b'1'),
(6, 4, 5, b'1', 50, 0, 3, 0, b'1'),
(6, 5, 84, b'0', 50, -1, 4, 0, b'1'),
(6, 6, 110, b'1', 50, -1, 5, 1, b'1'),
(7, 1, 96, b'0', 0, -1, 1, 0, b'1'),
(7, 2, 86, b'0', 50, 0, 1, 0, b'1'),
(7, 3, 106, b'0', 50, 0, 1, 0, b'0'),
(7, 4, 10, b'0', 50, 0, 1, 0, b'0'),
(7, 5, 101, b'1', 50, 0, 1, 0, b'0'),
(7, 6, 95, b'1', 50, 0, 1, 0, b'0'),
(8, 1, 110, b'1', 0, -1, 1, 1, b'1'),
(8, 2, 81, b'0', 0, -1, 2, 1, b'1'),
(8, 3, 15, b'0', 0, -1, 3, 1, b'1'),
(8, 4, 5, b'1', 50, 0, 3, 1, b'1'),
(8, 5, 80, b'0', 50, -1, 4, 1, b'1'),
(8, 6, 71, b'0', 50, -1, 5, 1, b'1'),
(9, 1, 95, b'1', 50, 0, 0, 0, b'1'),
(9, 2, 87, b'0', 50, -1, 1, 0, b'1'),
(9, 3, 11, b'0', 50, -1, 2, 0, b'1'),
(9, 4, 101, b'1', 100, 0, 2, 0, b'1'),
(9, 5, 98, b'0', 100, -1, 3, 0, b'1'),
(9, 6, 107, b'0', 100, -1, 4, 0, b'1'),
(11, 1, 5, b'1', 50, 0, 0, 0, b'1'),
(11, 2, 6, b'0', 50, -1, 1, 0, b'1'),
(11, 3, 93, b'0', 50, -1, 2, 0, b'1'),
(11, 4, 6, b'0', 100, 0, 2, 0, b'1'),
(11, 5, 73, b'0', 100, -1, 3, 0, b'1'),
(11, 6, 15, b'0', 100, -1, 4, 0, b'1'),
(12, 1, 1, b'0', 0, -1, 1, 0, b'1'),
(12, 2, 110, b'1', 0, -1, 2, 1, b'1'),
(12, 3, 61, b'0', 0, -1, 3, 1, b'1'),
(12, 4, 34, b'0', 0, -1, 4, 1, b'1'),
(12, 5, 6, b'0', 50, 0, 4, 1, b'1'),
(12, 6, 88, b'0', 50, -1, 5, 1, b'1'),
(13, 1, 6, b'0', 0, -1, 1, 0, b'1'),
(13, 2, 3, b'0', 0, -1, 2, 0, b'1'),
(13, 3, 1, b'0', 0, -1, 3, 0, b'1'),
(13, 4, 6, b'0', 0, -1, 4, 0, b'1'),
(13, 5, 101, b'1', 0, -1, 5, 1, b'1'),
(13, 6, 9, b'0', 0, -1, 6, 1, b'1'),
(14, 1, 95, b'1', 0, -1, 1, 1, b'1'),
(14, 2, 35, b'0', 0, -1, 2, 1, b'1'),
(14, 3, 54, b'0', 0, -1, 3, 1, b'1'),
(14, 4, 20, b'0', 0, -1, 4, 1, b'1'),
(14, 5, 61, b'0', 0, -1, 5, 1, b'1'),
(14, 6, 40, b'0', 0, -1, 6, 1, b'1'),
(15, 1, 10, b'0', 0, -1, 1, 0, b'1'),
(15, 2, 5, b'1', 50, 0, 1, 0, b'1'),
(15, 3, 46, b'0', 150, 1, 1, 0, b'1'),
(15, 4, 6, b'0', 150, -1, 2, 0, b'1'),
(15, 5, 1, b'0', 150, -1, 3, 0, b'1'),
(15, 6, 5, b'0', 150, -1, 4, 0, b'1'),
(17, 1, 82, b'0', 0, -1, 1, 0, b'1'),
(17, 2, 112, b'0', 0, -1, 2, 0, b'1'),
(17, 3, 5, b'1', 50, 0, 2, 0, b'1'),
(17, 4, 67, b'0', 50, -1, 3, 0, b'1'),
(17, 5, 80, b'0', 50, -1, 4, 0, b'1'),
(17, 6, 75, b'0', 50, -1, 5, 0, b'1'),
(18, 1, 93, b'0', 50, 0, 0, 0, b'1'),
(18, 2, 98, b'0', 50, -1, 1, 0, b'1'),
(18, 3, 6, b'0', 100, 0, 1, 0, b'1'),
(18, 4, 103, b'0', 100, -1, 2, 0, b'1'),
(18, 5, 5, b'1', 150, 0, 2, 0, b'1'),
(18, 6, 6, b'0', 150, -1, 3, 0, b'1'),
(20, 1, 101, b'0', 0, -1, 1, 0, b'1'),
(20, 2, 85, b'0', 0, -1, 2, 0, b'1'),
(20, 3, 73, b'0', 0, -1, 2, 0, b'0'),
(20, 4, 5, b'1', 0, -1, 2, 0, b'0'),
(20, 5, 107, b'0', 0, -1, 2, 0, b'0'),
(20, 6, 67, b'0', 0, -1, 2, 0, b'0'),
(21, 1, 73, b'0', 0, -1, 1, 0, b'1'),
(21, 2, 102, b'0', 0, -1, 2, 0, b'1'),
(21, 3, 93, b'0', 50, 0, 2, 0, b'1'),
(21, 4, 69, b'0', 50, -1, 3, 0, b'1'),
(21, 5, 6, b'0', 50, -1, 4, 0, b'1'),
(21, 6, 5, b'1', 100, 0, 4, 0, b'1'),
(22, 1, 6, b'1', 0, -1, 1, 1, b'1'),
(22, 2, 89, b'0', 0, -1, 2, 1, b'1'),
(22, 3, 5, b'0', 0, -1, 3, 1, b'1'),
(22, 4, 9, b'0', 0, -1, 4, 1, b'1'),
(22, 5, 100, b'0', 0, -1, 5, 1, b'1'),
(22, 6, 60, b'0', 0, -1, 6, 1, b'1'),
(23, 1, 14, b'0', 0, -1, 1, 0, b'1'),
(23, 2, 9, b'0', 0, -1, 2, 0, b'1'),
(23, 3, 4, b'0', 0, -1, 3, 0, b'1'),
(23, 4, 30, b'0', 0, -1, 4, 0, b'1'),
(23, 5, 4, b'0', 0, -1, 5, 0, b'1'),
(23, 6, 6, b'1', 0, -1, 6, 1, b'1'),
(24, 1, 41, b'0', 50, 0, 0, 0, b'1'),
(24, 2, 39, b'0', 50, -1, 1, 0, b'1'),
(24, 3, 18, b'0', 50, -1, 2, 0, b'1'),
(24, 4, 6, b'1', 50, -1, 3, 1, b'1'),
(24, 5, 59, b'0', 50, -1, 4, 1, b'1'),
(24, 6, 53, b'0', 50, -1, 5, 1, b'1'),
(25, 1, 5, b'1', 50, 0, 0, 0, b'1'),
(25, 2, 12, b'0', 50, -1, 1, 0, b'1'),
(25, 3, 4, b'0', 50, -1, 2, 0, b'1'),
(25, 4, 4, b'0', 50, -1, 3, 0, b'1'),
(25, 5, 25, b'0', 50, -1, 4, 0, b'1'),
(25, 6, 45, b'0', 100, 0, 4, 0, b'1'),
(27, 1, 103, b'0', 0, -1, 0, 0, b'0'),
(27, 2, 6, b'1', 0, -1, 0, 0, b'0'),
(27, 3, 68, b'0', 0, -1, 0, 0, b'0'),
(27, 4, 96, b'0', 0, -1, 0, 0, b'0'),
(27, 5, 6, b'0', 0, -1, 0, 0, b'0'),
(27, 6, 106, b'0', 0, -1, 0, 0, b'0'),
(28, 1, 6, b'0', 0, -1, 0, 0, b'0'),
(28, 2, 6, b'1', 0, -1, 0, 0, b'0'),
(28, 3, 105, b'0', 0, -1, 0, 0, b'0'),
(28, 4, 6, b'0', 0, -1, 0, 0, b'0'),
(28, 5, 75, b'0', 0, -1, 0, 0, b'0'),
(28, 6, 97, b'0', 0, -1, 0, 0, b'0'),
(29, 1, 71, b'0', 0, -1, 0, 0, b'0'),
(29, 2, 97, b'0', 0, -1, 0, 0, b'0'),
(29, 3, 6, b'1', 0, -1, 0, 0, b'0'),
(29, 4, 107, b'0', 0, -1, 0, 0, b'0'),
(29, 5, 67, b'0', 0, -1, 0, 0, b'0'),
(29, 6, 103, b'0', 0, -1, 0, 0, b'0'),
(30, 1, 6, b'1', 50, 0, 0, 0, b'1'),
(30, 2, 105, b'0', 50, -1, 1, 0, b'1'),
(30, 3, 93, b'0', 100, 0, 1, 0, b'1'),
(30, 4, 69, b'0', 200, 1, 1, 0, b'1'),
(30, 5, 6, b'0', 350, 2, 1, 0, b'1'),
(30, 6, 100, b'0', 350, -1, 2, 0, b'1'),
(31, 1, 16, b'0', 0, -1, 1, 0, b'1'),
(31, 2, 60, b'0', 0, -1, 2, 0, b'1'),
(31, 3, 31, b'0', 0, -1, 3, 0, b'1'),
(31, 4, 51, b'0', 0, -1, 4, 0, b'1'),
(31, 5, 9, b'0', 0, -1, 5, 0, b'1'),
(31, 6, 6, b'1', 50, 0, 5, 0, b'1'),
(32, 1, 59, b'0', 0, -1, 1, 0, b'1'),
(32, 2, 41, b'0', 0, -1, 2, 0, b'1'),
(32, 3, 38, b'0', 0, -1, 3, 0, b'1'),
(32, 4, 6, b'1', 0, -1, 4, 1, b'1'),
(32, 5, 18, b'0', 0, -1, 5, 1, b'1'),
(32, 6, 54, b'0', 0, -1, 6, 1, b'1'),
(34, 1, 69, b'0', 0, -1, 0, 0, b'0'),
(34, 2, 6, b'1', 0, -1, 0, 0, b'0'),
(34, 3, 6, b'0', 0, -1, 0, 0, b'0'),
(34, 4, 93, b'0', 0, -1, 0, 0, b'0'),
(34, 5, 102, b'0', 0, -1, 0, 0, b'0'),
(34, 6, 10, b'0', 0, -1, 0, 0, b'0'),
(35, 1, 6, b'1', 0, -1, 1, 1, b'1'),
(35, 2, 107, b'0', 0, -1, 2, 1, b'1'),
(35, 3, 34, b'0', 0, -1, 3, 1, b'1'),
(35, 4, 103, b'0', 0, -1, 4, 1, b'1'),
(35, 5, 67, b'0', 0, -1, 5, 1, b'1'),
(35, 6, 71, b'0', 50, 0, 5, 1, b'1'),
(36, 1, 15, b'0', 0, -1, 1, 0, b'1'),
(36, 2, 6, b'0', 0, -1, 2, 0, b'1'),
(36, 3, 38, b'0', 0, -1, 3, 0, b'1'),
(36, 4, 6, b'1', 50, 0, 3, 0, b'1'),
(36, 5, 11, b'0', 50, -1, 4, 0, b'1'),
(36, 6, 59, b'0', 50, -1, 5, 0, b'1'),
(37, 1, 6, b'1', 0, -1, 1, 1, b'1'),
(37, 2, 58, b'0', 50, 0, 1, 1, b'1'),
(37, 3, 10, b'0', 50, -1, 2, 1, b'1'),
(37, 4, 71, b'0', 100, 0, 2, 1, b'1'),
(37, 5, 69, b'0', 200, 1, 2, 1, b'1'),
(37, 6, 101, b'0', 200, -1, 3, 1, b'1'),
(38, 1, 43, b'0', 50, 0, 0, 0, b'1'),
(38, 2, 36, b'0', 50, -1, 1, 0, b'1'),
(38, 3, 6, b'1', 100, 0, 1, 0, b'1'),
(38, 4, 6, b'0', 100, -1, 2, 0, b'1'),
(38, 5, 2, b'0', 150, 0, 2, 0, b'1'),
(38, 6, 28, b'0', 150, -1, 3, 0, b'1'),
(39, 1, 101, b'0', 0, -1, 0, 0, b'0'),
(39, 2, 58, b'0', 0, -1, 0, 0, b'0'),
(39, 3, 71, b'0', 0, -1, 0, 0, b'0'),
(39, 4, 10, b'0', 0, -1, 0, 0, b'0'),
(39, 5, 69, b'0', 0, -1, 0, 0, b'0'),
(39, 6, 6, b'1', 0, -1, 0, 0, b'0'),
(40, 1, 58, b'0', 50, 0, 0, 0, b'1'),
(40, 2, 101, b'0', 150, 1, 0, 0, b'1'),
(40, 3, 10, b'0', 150, -1, 1, 0, b'1'),
(40, 4, 69, b'0', 200, 0, 1, 0, b'1'),
(40, 5, 6, b'1', 200, -1, 2, 1, b'1'),
(40, 6, 71, b'0', 200, -1, 3, 1, b'1'),
(41, 1, 101, b'0', 50, 0, 0, 0, b'1'),
(41, 2, 6, b'1', 50, -1, 1, 1, b'1'),
(41, 3, 69, b'0', 100, 0, 1, 1, b'1'),
(41, 4, 6, b'0', 100, -1, 2, 1, b'1'),
(41, 5, 58, b'0', 150, 0, 2, 1, b'1'),
(41, 6, 71, b'0', 250, 1, 2, 1, b'1'),
(42, 1, 36, b'0', 0, -1, 1, 0, b'1'),
(42, 2, 59, b'0', 0, -1, 2, 0, b'1'),
(42, 3, 6, b'0', 0, -1, 3, 0, b'1'),
(42, 4, 43, b'0', 0, -1, 3, 0, b'0'),
(42, 5, 6, b'1', 0, -1, 3, 0, b'0'),
(42, 6, 28, b'0', 0, -1, 3, 0, b'0'),
(43, 1, 28, b'0', 0, -1, 1, 0, b'1'),
(43, 2, 46, b'0', 0, -1, 2, 0, b'1'),
(43, 3, 56, b'0', 50, 0, 2, 0, b'1'),
(43, 4, 43, b'0', 50, -1, 3, 0, b'1'),
(43, 5, 19, b'0', 50, -1, 4, 0, b'1'),
(43, 6, 6, b'1', 100, 0, 4, 0, b'1'),
(45, 1, 71, b'0', 0, -1, 1, 0, b'1'),
(45, 2, 29, b'0', 50, 0, 1, 0, b'1'),
(45, 3, 69, b'0', 150, 1, 1, 0, b'1'),
(45, 4, 101, b'0', 150, -1, 2, 0, b'1'),
(45, 5, 6, b'1', 150, -1, 3, 1, b'1'),
(45, 6, 58, b'0', 200, 0, 3, 1, b'1');

-- --------------------------------------------------------

--
-- Struttura della tabella `user`
--

CREATE TABLE `user` (
  `idUser` int(16) NOT NULL,
  `firstName` varchar(256) NOT NULL,
  `lastName` varchar(256) NOT NULL,
  `life_play` int(11) NOT NULL DEFAULT '0',
  `idSocial` varchar(256) NOT NULL,
  `social` varchar(256) NOT NULL,
  `name` varchar(256) DEFAULT NULL,
  `cover` varchar(256) DEFAULT NULL,
  `thumbnail` varchar(256) DEFAULT NULL
) ENGINE=InnoDB DEFAULT CHARSET=utf8 ROW_FORMAT=DYNAMIC;

--
-- Dump dei dati per la tabella `user`
--

INSERT INTO `user` (`idUser`, `firstName`, `lastName`, `life_play`, `idSocial`, `social`, `name`, `cover`, `thumbnail`) VALUES
(1, 'Federico', 'Bianchi', 126133, '114929014295284948667', 'google', 'Federico Bianchi', '', 'https://lh6.googleusercontent.com/-6dOy8dUxQBA/AAAAAAAAAAI/AAAAAAAAAPU/lccz_1QkemA/photo.jpg?sz=50'),
(2, 'Federico', 'Bianchi', 0, '114929014295284948667', 'google', 'Federico Bianchi', '', 'https://lh6.googleusercontent.com/-6dOy8dUxQBA/AAAAAAAAAAI/AAAAAAAAAPU/lccz_1QkemA/photo.jpg?sz=50'),
(3, 'Francesco', 'Barrera', 117549, '10217259270622271', 'facebook', 'Francesco Barrera', '', 'https://graph.facebook.com/10217259270622271/picture'),
(4, 'Francesco', 'Barrera', 68862, '10217259270622271', 'facebook', 'Francesco Barrera', '', 'https://graph.facebook.com/10217259270622271/picture'),
(5, 'GUEST', '', 36679, '::1', 'anonymous', '', '', ''),
(6, 'Francesco', 'Barrera', 54647, '108551648309805808085', 'google', 'Francesco Barrera', '', 'https://lh6.googleusercontent.com/-_5SfNITb1Us/AAAAAAAAAAI/AAAAAAAAAJA/bWiK6fPCq3k/photo.jpg?sz=50');

-- --------------------------------------------------------

--
-- Struttura della tabella `user_has_badge`
--

CREATE TABLE `user_has_badge` (
  `idUser` int(16) NOT NULL,
  `idBadge` int(16) NOT NULL,
  `timestamp` timestamp NOT NULL DEFAULT CURRENT_TIMESTAMP
) ENGINE=InnoDB DEFAULT CHARSET=utf8 ROW_FORMAT=DYNAMIC;

--
-- Dump dei dati per la tabella `user_has_badge`
--

INSERT INTO `user_has_badge` (`idUser`, `idBadge`, `timestamp`) VALUES
(1, 1, '2018-07-15 10:53:56'),
(1, 2, '2018-07-15 14:06:44'),
(1, 5, '2018-07-15 14:06:44'),
(1, 9, '2018-07-15 10:53:56'),
(3, 1, '2018-07-15 14:25:58'),
(3, 5, '2018-07-15 14:27:04'),
(4, 1, '2018-07-16 13:37:35'),
(5, 1, '2018-07-16 13:35:47'),
(6, 1, '2018-07-16 14:15:26');

-- --------------------------------------------------------

--
-- Struttura della tabella `user_reputation`
--

CREATE TABLE `user_reputation` (
  `idUser` int(16) NOT NULL,
  `idRound` int(11) NOT NULL,
  `reputation` float NOT NULL
) ENGINE=InnoDB DEFAULT CHARSET=latin1;

--
-- Dump dei dati per la tabella `user_reputation`
--

INSERT INTO `user_reputation` (`idUser`, `idRound`, `reputation`) VALUES
(1, 30, 1),
(1, 31, 1),
(1, 32, 0.367879),
(1, 35, 0.367879),
(1, 36, 1),
(3, 37, 0.367879),
(3, 38, 1),
(4, 41, 0.367879),
(4, 43, 1),
(5, 40, 0.367879),
(6, 45, 0.367879);

--
-- Indici per le tabelle scaricate
--

--
-- Indici per le tabelle `badge`
--
ALTER TABLE `badge`
  ADD PRIMARY KEY (`idBadge`);

--
-- Indici per le tabelle `configuration`
--
ALTER TABLE `configuration`
  ADD PRIMARY KEY (`idParameters`);

--
-- Indici per le tabelle `leaderboard`
--
ALTER TABLE `leaderboard`
  ADD PRIMARY KEY (`idLeaderboard`);

--
-- Indici per le tabelle `level`
--
ALTER TABLE `level`
  ADD PRIMARY KEY (`idlevel`);

--
-- Indici per le tabelle `logging`
--
ALTER TABLE `logging`
  ADD PRIMARY KEY (`id`),
  ADD KEY `IX_idResource` (`idResource`);

--
-- Indici per le tabelle `resource`
--
ALTER TABLE `resource`
  ADD PRIMARY KEY (`idResource`),
  ADD KEY `idx_resource_refId` (`refId`);

--
-- Indici per le tabelle `resource_has_topic`
--
ALTER TABLE `resource_has_topic`
  ADD PRIMARY KEY (`id`);

--
-- Indici per le tabelle `round`
--
ALTER TABLE `round`
  ADD PRIMARY KEY (`idRound`);

--
-- Indici per le tabelle `topic`
--
ALTER TABLE `topic`
  ADD PRIMARY KEY (`idTopic`);

--
-- Indici per le tabelle `true_response`
--
ALTER TABLE `true_response`
  ADD PRIMARY KEY (`idRound`,`level`);

--
-- Indici per le tabelle `user`
--
ALTER TABLE `user`
  ADD PRIMARY KEY (`idUser`);

--
-- Indici per le tabelle `user_has_badge`
--
ALTER TABLE `user_has_badge`
  ADD UNIQUE KEY `idUser` (`idUser`,`idBadge`);

--
-- Indici per le tabelle `user_reputation`
--
ALTER TABLE `user_reputation`
  ADD PRIMARY KEY (`idUser`,`idRound`);

--
-- AUTO_INCREMENT per le tabelle scaricate
--

--
-- AUTO_INCREMENT per la tabella `badge`
--
ALTER TABLE `badge`
  MODIFY `idBadge` int(16) NOT NULL AUTO_INCREMENT, AUTO_INCREMENT=10;

--
-- AUTO_INCREMENT per la tabella `configuration`
--
ALTER TABLE `configuration`
  MODIFY `idParameters` int(11) NOT NULL AUTO_INCREMENT, AUTO_INCREMENT=2;

--
-- AUTO_INCREMENT per la tabella `leaderboard`
--
ALTER TABLE `leaderboard`
  MODIFY `idLeaderboard` int(16) NOT NULL AUTO_INCREMENT, AUTO_INCREMENT=6;

--
-- AUTO_INCREMENT per la tabella `level`
--
ALTER TABLE `level`
  MODIFY `idlevel` int(11) NOT NULL AUTO_INCREMENT, AUTO_INCREMENT=189;

--
-- AUTO_INCREMENT per la tabella `logging`
--
ALTER TABLE `logging`
  MODIFY `id` int(11) NOT NULL AUTO_INCREMENT, AUTO_INCREMENT=310;

--
-- AUTO_INCREMENT per la tabella `resource`
--
ALTER TABLE `resource`
  MODIFY `idResource` int(16) NOT NULL AUTO_INCREMENT, AUTO_INCREMENT=103002;

--
-- AUTO_INCREMENT per la tabella `resource_has_topic`
--
ALTER TABLE `resource_has_topic`
  MODIFY `id` int(11) NOT NULL AUTO_INCREMENT, AUTO_INCREMENT=329946;

--
-- AUTO_INCREMENT per la tabella `round`
--
ALTER TABLE `round`
  MODIFY `idRound` int(11) NOT NULL AUTO_INCREMENT, AUTO_INCREMENT=46;

--
-- AUTO_INCREMENT per la tabella `topic`
--
ALTER TABLE `topic`
  MODIFY `idTopic` int(16) NOT NULL AUTO_INCREMENT, AUTO_INCREMENT=115;

--
-- AUTO_INCREMENT per la tabella `user`
--
ALTER TABLE `user`
  MODIFY `idUser` int(16) NOT NULL AUTO_INCREMENT, AUTO_INCREMENT=7;
